isJunction,isValid,locationType,stopDesc,stopId,stopLat,stopLon,stopName
Y,Y,TERMINAL,,1,22.642036,88.431122,AIRPORT (GATE NO.1)
Y,Y,TERMINAL,,2,22.652987,88.438289,AIRPORT (GATE NO.3)
Y,Y,JUNCTION,,3,22.4897,88.395331,AJOY NAGAR
N,Y,STOP,,5,22.584474,88.214893,ALAMPUR
Y,Y,JUNCTION,,6,22.525084,88.330894,ALIPORE (LALBATI)
N,Y,STOP,,7,22.535232,88.333479,ALIPORE ZOO
Y,Y,JUNCTION,,8,22.56822,88.411353,SALT LAKE STADIUM / AMRI
Y,Y,TERMINAL,,9,22.368769,88.271799,AMTALA
N,Y,STOP,,10,22.660438,88.365172,ARIADAHA
N,Y,STOP,,11,22.563749,88.338575,BABUGHAT
Y,Y,JUNCTION,,13,22.483851,88.375483,BAGHAJATIN
N,Y,STOP,,15,22.45737,88.285382,BAGPOTA
Y,Y,JUNCTION,,16,22.610244,88.427993,BAGUIHATI
N,Y,STOP,,17,22.597213,88.421702,BAISHAKHI
Y,Y,JUNCTION,,19,22.484069,88.302248,BAKULTALA
N,Y,STOP,,20,22.563927,88.287377,BAKULTALA (HOWRAH)
N,Y,STOP,,21,22.573759,88.4623,BALAKA
N,Y,STOP,,22,22.652591,88.347309,BALLY GHAT
N,Y,STOP,,23,22.528176,88.365998,BALLYGUNGE PHARI
Y,Y,TERMINAL,,24,22.521169,88.369335,BALLYGUNGE STATION
N,Y,STOP,,25,22.474155,88.361256,BANSHDRONI
Y,Y,TERMINAL,,26,22.508057,88.515258,BANTALA (IT PARK)
N,Y,STOP,,27,22.63259,88.371084,BARANAGAR BAZAR
N,Y,STOP,,28,22.720041,88.486644,BARASAT BUS STAND
Y,Y,JUNCTION,,29,22.760908,88.370327,BARRACKPORE
Y,Y,TERMINAL,,30,22.352953,88.43594,BARUIPUR
Y,Y,TERMINAL,,31,22.572383,88.347925,BBD BAG (G.P.O.)
Y,Y,TERMINAL,,33,22.50212,88.318116,BEHALA (14)
N,Y,STOP,,34,22.507086,88.297184,BEHALA AIRPORT
Y,Y,TERMINAL,,35,22.486974,88.313127,BEHALA CHOWRASTHA
Y,Y,JUNCTION,,36,22.503954,88.318791,BEHALA THANA
Y,Y,JUNCTION,,37,22.57542,88.301818,BELEPOLE
N,Y,STOP,,38,22.605216,88.38398,BELGACHIA
Y,Y,JUNCTION,,39,22.561822,88.408357,BUILDING MORE (BELEGHATA)
N,Y,STOP,,40,22.631371,88.352137,BELUR MATH
N,Y,STOP,,41,22.579729,88.397761,BENGAL CHEMICAL
N,Y,STOP,,42,22.584851,88.404193,BIDHANNAGAR COLLEGE
Y,Y,TERMINAL,,43,22.590217,88.416898,BIKASH BHAVAN
N,Y,STOP,,44,22.663418,88.428821,BIRATI
N,Y,STOP,,45,22.595673,88.361675,BK PAL MORE
Y,Y,JUNCTION,,47,22.582116,88.349648,BARA BAZAR
Y,Y,JUNCTION,,50,22.590259,88.363751,CENTRAL AVENUE & BEADON STREET
N,Y,STOP,,51,22.500029,88.330829,CHANDITALA
Y,Y,TERMINAL,,52,22.517195,88.337717,CHETLA
Y,Y,JUNCTION,,53,22.623677,88.441014,CHINAR PARK
Y,Y,JUNCTION,,54,22.55809,88.411404,CHINGRIGHATA
Y,Y,JUNCTION,,55,22.618695,88.379238,CHIRIA MORE
N,Y,STOP,,56,22.545691,88.370596,CHITTARANJAN HOSPITAL
N,Y,STOP,,57,22.538145,88.306582,CIGARETTE KOL (ITC)
Y,Y,JUNCTION,,58,22.562877,88.396286,CIT MORE (BELEGHATA)
Y,Y,JUNCTION,,59,22.58807,88.409643,CITY CENTER 1
Y,Y,JUNCTION,,60,22.574786,88.433869,COLLEGE MORE (SECTOR V)
Y,Y,JUNCTION,,61,22.577005,88.364115,COLLEGE STREET & MG ROAD
N,Y,STOP,,62,22.550586,88.326849,DAHIGHAT
Y,Y,JUNCTION,,63,22.50553,88.250111,DAKGHAR
Y,Y,TERMINAL,,64,22.653522,88.362801,DAKSHINESWAR
N,Y,STOP,,65,22.562778,88.295896,DANESH SEIKH LANE
N,Y,STOP,,66,22.683974,88.295628,DANKUNI
Y,Y,JUNCTION,,67,22.517354,88.352351,DESHAPRIYA PARK
N,Y,STOP,,69,22.57328,88.181269,DHULAGORI (NIRMALA CINEMA HALL)
N,Y,STOP,,70,22.1934,88.189418,DIAMOND HARBOUR
Y,Y,TERMINAL,,71,22.453156,88.302409,DIAMOND PARK
Y,Y,TERMINAL,,72,22.619735,88.392692,DUMDUM RLY STN
Y,Y,TERMINAL,,73,22.652582,88.377394,DUNLOP
N,Y,STOP,,74,22.65507,88.421841,DURGA NAGAR
Y,Y,JUNCTION,,75,22.605533,88.469317,ECO PARK
Y,Y,JUNCTION,,76,22.584454,88.489509,ECOSPACE
Y,Y,TERMINAL,,77,22.492515,88.213284,EDEN CITY
Y,Y,JUNCTION,,78,22.533488,88.327246,EKBALPUR
N,Y,STOP,,79,22.552365,88.371567,ENTALLY
Y,Y,TERMINAL,,80,22.563521,88.350992,ESPLANADE (WBTC BUS STAND)
Y,Y,JUNCTION,,81,22.541737,88.347214,EXIDE
Y,Y,JUNCTION,,82,22.584028,88.415287,FD BLOCK (SALT LAKE)
N,Y,STOP,,83,22.584771,88.411875,FD PARK
Y,Y,JUNCTION,,84,22.583394,88.418806,FE BLOCK (SALT LAKE)
Y,Y,JUNCTION,,85,22.553383,88.343732,FORT WILLIAM
N,Y,STOP,,86,22.60692,88.369625,GALIFF STREET
Y,Y,JUNCTION,,88,22.585286,88.372307,GANGA RAM
Y,Y,TERMINAL,,89,22.46559,88.377349,GARIA
N,Y,STOP,,90,22.467374,88.403721,GARIA STATION
Y,Y,JUNCTION,,91,22.519574,88.365312,GARIAHAT
Y,Y,JUNCTION,,92,22.576628,88.413634,GD ISLAND (SALT LAKE)
Y,Y,TERMINAL,,93,22.592288,88.343932,GHASHBAGAN
Y,Y,JUNCTION,,94,22.586237,88.362662,GIRISH PARK
Y,Y,JUNCTION,,95,22.515578,88.366821,GOL PARK
Y,Y,TERMINAL,,96,22.490731,88.360677,GOLF GREEN
Y,Y,JUNCTION,,97,22.52396,88.337489,GOPAL NAGAR
Y,Y,JUNCTION,,98,22.62777,88.43351,HALDIRAM
Y,Y,TERMINAL,,99,22.479876,88.33776,HARIDEVPUR
N,Y,STOP,,100,22.594608,88.370934,HATIBAGAN
N,Y,STOP,,101,22.545221,88.5303,HATISALA
Y,Y,JUNCTION,,102,22.523627,88.346472,HAZRA
N,Y,STOP,,103,22.588971,88.368874,HEDUA
Y,Y,JUNCTION,,104,22.483831,88.392155,HILAND PARK
Y,Y,JUNCTION,,105,22.506769,88.335078,HINDUSTAN SWEETS
Y,Y,TERMINAL,,106,22.583097,88.334112,HOWRAH MAIDAN
Y,Y,TERMINAL,,107,22.585163,88.343958,HOWRAH STATION
N,Y,STOP,,108,22.592537,88.313009,ICHAPUR (JAL TANK)
Y,Y,JUNCTION,,110,22.49137,88.372425,JADAVPUR (SULEKHA)
Y,Y,JUNCTION,,111,22.502976,88.367774,JADAVPUR POLICE STATION
Y,Y,JUNCTION,,112,22.517404,88.298396,JINJIRA BAZAR
Y,Y,TERMINAL,,113,22.448748,88.299421,JOKA
N,Y,STOP,,115,22.548491,88.28771,KACHCHI SADAK
Y,Y,JUNCTION,,116,22.63446,88.43456,KAIKHALI
Y,Y,JUNCTION,,117,22.504152,88.400803,KALIKAPUR
N,Y,STOP,,118,22.449289,88.390868,KAMALGAZI
Y,Y,TERMINAL,,119,22.580254,88.390589,KANKURGACHI
Y,Y,JUNCTION,,121,22.485926,88.340259,KARUNAMOYEE (TOLLYGUNGE)
Y,Y,TERMINAL,,122,22.585472,88.422097,KARUNAMOYEE (SALT LAKE)
Y,Y,JUNCTION,,123,22.594102,88.375375,KHANNA
Y,Y,JUNCTION,,124,22.541299,88.326043,KIDDERPORE
N,Y,STOP,,125,22.463468,88.334498,KOBOR DANGA
Y,Y,TERMINAL,,126,22.601304,88.382081,KOLKATA STATION
N,Y,STOP,,127,22.606226,88.259332,KONA EXPRESSWAY CROSSING
Y,Y,TERMINAL,,128,22.481373,88.3463,KUNDGHAT
Y,Y,JUNCTION,,129,22.541069,88.358834,BECK BAGAN
N,Y,STOP,,130,22.581542,88.406446,LABONY
N,Y,STOP,,131,22.524435,88.352491,LANSDOWN & HAZRA
Y,Y,JUNCTION,,132,22.501912,88.357801,LORDS MORE
N,Y,STOP,,133,22.693022,88.463481,MADHYAMGRAM
Y,Y,JUNCTION,,134,22.516184,88.323255,MAJHERHAT
N,Y,STOP,,135,22.618,88.480375,MALANCHA HOUSING
Y,Y,JUNCTION,,136,22.546677,88.36146,MALLICK BAZAR
Y,Y,TERMINAL,,137,22.569733,88.317686,MANDIRTALA
Y,Y,JUNCTION,,138,22.585277,88.374721,MANIKTALA
Y,Y,JUNCTION,,139,22.578669,88.360709,MG ROAD & CENTRAL AVENUE
Y,Y,JUNCTION,,140,22.579689,88.356879,MG ROAD & CHITPUR
Y,Y,JUNCTION,,141,22.541259,88.355143,MINTO PARK
Y,Y,JUNCTION,,142,22.527106,88.325937,MOMINPUR
Y,Y,JUNCTION,,143,22.561822,88.367361,MOULALI
N,Y,STOP,,144,22.485754,88.284524,MUCHIPARA
Y,Y,JUNCTION,,145,22.492356,88.39679,MUKUNDAPUR
Y,Y,TERMINAL,,146,22.565793,88.315113,NABANNA (TOLL GATE)
N,Y,STOP,,147,22.622805,88.414278,NAGER BAZAR
N,Y,STOP,,149,22.470091,88.37014,NAKTALA
Y,Y,JUNCTION,,150,22.509009,88.332954,NEW ALIPORE (PETROL PUMP)
N,Y,STOP,,151,22.47249,88.39855,NEW GARIA
Y,Y,TERMINAL,,152,22.581839,88.453331,NEWTOWN
Y,Y,JUNCTION,,153,22.573062,88.421209,NICCO PARK
N,Y,STOP,,154,22.592339,88.356493,NIMTALA
N,Y,STOP,,155,22.550393,88.362906,NONAPUKUR
Y,Y,TERMINAL,,156,22.616012,88.379012,PAIKPARA
Y,Y,JUNCTION,,157,22.54308,88.366213,PARK CIRCUS 7 POINT CROSSING
Y,Y,JUNCTION,,158,22.555248,88.349959,PARK STREET
Y,Y,TERMINAL,,159,22.509227,88.306561,PARNASREE
Y,Y,TERMINAL,,160,22.471756,88.389688,PATULI
Y,Y,JUNCTION,,161,22.572249,88.389473,PHOOLBAGAN
N,Y,STOP,,162,22.591343,88.399762,PNB
N,Y,STOP,,163,22.555922,88.331666,PRINCEP GHAT
Y,Y,JUNCTION,,164,22.539851,88.336443,PTS
N,Y,STOP,,167,22.551731,88.273687,RAJABAGAN
Y,Y,TERMINAL,,168,22.576589,88.37353,RAJABAZAR
N,Y,STOP,,169,22.657542,88.309608,RAJCHANDRAPUR
N,Y,STOP,,171,22.543487,88.294694,RAMNAGAR
N,Y,STOP,,172,22.483137,88.35321,RANIKUTHI
Y,Y,JUNCTION,,173,22.516958,88.345871,RASHBEHARI
Y,Y,JUNCTION,,175,22.513427,88.401765,RUBY
N,Y,STOP,,177,22.613516,88.271563,SALAP
N,Y,STOP,,179,22.479824,88.294965,SARSUNA
N,Y,STOP,,180,22.481016,88.283622,SARSUNA COLLEGE
Y,Y,JUNCTION,,181,22.542887,88.398361,SCIENCE CITY XING
Y,Y,JUNCTION,,182,22.568812,88.430638,SDF
Y,Y,JUNCTION,,183,22.565731,88.368938,SEALDAH
N,Y,STOP,,184,22.618765,88.387928,SEVEN TANKS
Y,Y,TERMINAL,,185,22.485199,88.289448,SHAKUNTALA PARK
Y,Y,TERMINAL,,186,22.565334,88.514249,SHAPOORJI
Y,Y,JUNCTION,,187,22.571992,88.344487,SHIPPING CORPORATION
Y,Y,JUNCTION,,188,22.601789,88.373659,SHYAMBAZAR
Y,Y,JUNCTION,,190,22.630965,88.378481,SINTHI MORE
Y,Y,TERMINAL,,192,22.580155,88.429025,SLD GATE BUS STOP
N,Y,STOP,,194,22.442764,88.42976,SONARPUR STATION
Y,Y,JUNCTION,,195,22.596757,88.362241,SOVABAZAR
N,Y,STOP,,196,22.570831,88.42602,SWASTHA BHAVAN
N,Y,STOP,,197,22.610515,88.384677,TALA PARK
Y,Y,JUNCTION,,198,22.512319,88.321946,TARATALA
N,Y,STOP,,199,22.574654,88.351455,TEA BOARD
Y,Y,JUNCTION,,200,22.580943,88.437031,TECHNOPOLIS
Y,Y,TERMINAL,,201,22.456393,88.304699,THAKURPUKUR (3A)
Y,Y,JUNCTION,,202,22.463032,88.307245,THAKURPUKUR (BAZAR)
N,Y,STOP,,203,22.598273,88.322225,TIKIAPARA
Y,Y,TERMINAL,,204,22.492994,88.345358,TOLLYGUNGE (METRO)
Y,Y,JUNCTION,,205,22.503329,88.345142,TOLLYGUNGE (PHARI)
Y,Y,JUNCTION,,206,22.541545,88.386946,TOPSIA
Y,Y,TERMINAL,,207,22.592275,88.39122,BIDHANNAGAR RLY STN
Y,Y,TERMINAL,,208,22.57541,88.479799,UNITECH
Y,Y,JUNCTION,,211,22.585633,88.367522,VIVEKANANDA ROAD & BIDHAN SARANI
N,Y,STOP,,212,22.597173,88.40945,WATER TANK NO 4 (SALT LAKE)
Y,Y,JUNCTION,,213,22.562996,88.358756,WELLINGTON (LENIN SARANI)
Y,Y,JUNCTION,,214,22.579105,88.426536,WIPRO
N,Y,STOP,,215,22.499346,88.369608,JADAVPUR UNIVERSITY 4NO GATE
N,Y,STOP,,216,22.501257,88.351649,LAKE GARDENS
N,Y,STOP,,221,22.523915,88.341646,KALIGHAT
N,Y,STOP,,223,22.526605,88.346161,Ramesh Mitra Road (North)
N,Y,STOP,,226,22.548073,88.34834,JIBONDEEP
N,Y,STOP,,229,22.50211,88.36173,SOUTH CITY
N,Y,STOP,,230,22.569206,88.349563,GREAT EASTERN
N,Y,STOP,,234,22.538126,88.346629,ELGIN ROAD
N,Y,STOP,,235,22.507229,88.345491,CHARU MARKET/RABINDRA SARABAR
N,Y,STOP,,236,22.507829,88.367139,DHAKURIA
N,Y,STOP,,238,22.512798,88.34903,SOUTHERN AVENUE
Y,Y,JUNCTION,,240,22.559324,88.348755,MAYO ROAD
N,Y,STOP,,242,22.532947,88.345988,Ramesh Mitra Road (South)
Y,Y,JUNCTION,,246,22.540148,88.37036,DARGA ROAD XING (4 NO)
Y,Y,JUNCTION,,248,22.552427,88.406378,METROPOLITAN
N,Y,STOP,,250,22.571962,88.432259,WEBEL MORE
N,Y,STOP,,251,22.559121,88.372704,PHILIPS MORE (CIT ROAD)
N,Y,STOP,,261,22.467809,88.308667,PANCHANAN TALA
Y,Y,JUNCTION,,263,22.481385,88.31069,SAKHER BAZAR
Y,Y,JUNCTION,,264,22.499539,88.317438,BEHALA TRAM DEPOT
Y,Y,JUNCTION,,265,22.543687,88.329571,HESTINGS (KARL MARX)
Y,Y,JUNCTION,,266,22.570344,88.349914,BBD BAG
N,Y,STOP,,267,22.572456,88.358809,CENTRAL AVENUE
N,Y,STOP,,268,22.571156,88.361543,BOWBAZAR
N,Y,STOP,,269,22.574331,88.362913,CALCULTTA UNIVERSITY
Y,Y,JUNCTION,,271,22.571274,88.371335,SEALDAH (JAGAT CINEMA)
N,Y,STOP,,272,22.569289,88.361915,GOENKA COLLEGE
Y,Y,JUNCTION,,273,22.494827,88.316419,BEHALA MANTON
N,Y,STOP,,275,22.473386,88.309787,KADAM TALA
N,Y,STOP,,276,22.491837,88.315211,BEHALA BLIND SCHOOL
N,Y,STOP,,277,22.50675,88.319862,PATHAK PARA
Y,Y,JUNCTION,,278,22.508062,88.320433,AJANTA CINEMA
N,Y,STOP,,285,22.495118,88.34566,TOLLYGUNGE WBTC TRAM DEPOT
N,Y,STOP,,287,22.489543,88.338461,SIRITI
N,Y,STOP,,288,22.488779,88.336359,MAITY PARA
N,Y,STOP,,289,22.487322,88.334599,PITCH KAL
N,Y,STOP,,294,22.481087,88.31342,JAMES LONG SARANI
N,Y,STOP,,296,22.474375,88.309835,SILPARA
N,Y,STOP,,299,22.548256,88.400233,DHAPA MATH PUKUR
Y,Y,JUNCTION,,300,22.525152,88.396014,VIP BAZAR
N,Y,STOP,,301,22.521306,88.398343,TAGORE PARK
N,Y,STOP,,305,22.475897,88.38849,GHOSH PARA (PATULI)
N,Y,STOP,,306,22.466022,88.392818,DHALAI BRIDGE (KHUDIRAM METRO)
N,Y,STOP,,309,22.501497,88.321027,ROY BAHADUR ROAD (JAMES LONG CROSSING)
N,Y,STOP,,315,22.48117,88.319939,RAMKRISHNA MATH
N,Y,STOP,,316,22.486067,88.331355,DHARA PARA
N,Y,STOP,,322,22.564477,88.347876,CURZON PARK
N,Y,STOP,,323,22.531947,88.327019,CMRI HOSPITAL
N,Y,STOP,,325,22.521898,88.324583,BURDWAN ROAD
N,Y,STOP,,327,22.473764,88.299038,SASTIR MORE
N,Y,STOP,,329,22.484468,88.305508,NATUN PARA (BAKULTALA)
N,Y,STOP,,333,22.535205,88.327432,BODY GUARD
N,Y,STOP,,334,22.539119,88.327432,ST THOMAS SCHOOL
N,Y,STOP,,336,22.57022,88.343155,HIGH COURT
N,Y,STOP,,337,22.574646,88.34616,FAIRLIE PLACE
N,Y,STOP,,338,22.577386,88.352352,CANNING STREET
N,Y,STOP,,350,22.572325,88.36207,MEDICAL COLLEGE
N,Y,STOP,,352,22.582358,88.382511,BAGMARI BAZAR
N,Y,STOP,,353,22.568217,88.364918,BANK OF INDIA (BOW BAZAR)
N,Y,STOP,,354,22.572078,88.353048,LAL BAZAR
N,Y,STOP,,355,22.484542,88.312046,JANAKALYAN
N,Y,STOP,,357,22.512049,88.329599,TRIANGULAR PARK (NEW ALIPORE)
N,Y,STOP,,359,22.512277,88.332817,DURGAPUR BRIDGE
N,Y,STOP,,361,22.516806,88.348417,LAKE MARKET
Y,Y,JUNCTION,,362,22.519571,88.376087,KASBA POST OFFICE
Y,Y,JUNCTION,,363,22.51936,88.385299,BOSE PUKUR
N,Y,STOP,,365,22.514378,88.392749,ACROPOLIS/KASBA NEW MARKET/RAJDANGA
N,Y,STOP,,367,22.531484,88.395871,UTTAR PANCHANNA GRAM
Y,Y,TERMINAL,,369,22.5819,88.452457,NAZRUL TIRTHA (NEW TOWN)
N,Y,STOP,,370,22.581282,88.457476,HOME TOWN
N,Y,STOP,,373,22.578653,88.471632,RABINDRA TIRTHA (NARKEL BAGAN)
N,Y,STOP,,374,22.518182,88.356797,TRIANGULAR PARK (GARIAHAT)
N,Y,STOP,,376,22.515866,88.306416,TARATALA STATE GARAGE
N,Y,STOP,,380,22.519387,88.36377,BASANTI DEVI COLLEGE
N,Y,STOP,,383,22.545829,88.347943,BIRLA PLANETORIUM
N,Y,STOP,,384,22.510152,88.345778,MUDIALI
N,Y,STOP,,386,22.545846,88.346897,BIRLA PLANETARIUM
N,Y,STOP,,387,22.514917,88.345813,PSC Office
N,Y,STOP,,390,22.578138,88.435531,PHILIPS MORE (SECTOR V)
N,Y,STOP,,391,22.54093,88.341229,PG HOSPITAL (SSKM)
N,Y,STOP,,392,22.536996,88.333515,ALIPUR ZOO
Y,Y,TERMINAL,,396,22.466661,88.377809,GARIA BUS STAND
N,Y,STOP,,397,22.478613,88.376227,GANGULY BAGAN
N,Y,STOP,,399,22.500196,88.369158,BENGAL LAMP
N,Y,STOP,,406,22.541492,88.351587,CAMAC STREET
N,Y,STOP,,408,22.493639,88.375455,SANTOSHPUR
N,Y,STOP,,409,22.492388,88.392149,SURVEY PARK
N,Y,STOP,,410,22.49557,88.398482,METRO CASH & CARRY
N,Y,STOP,,412,22.528346,88.394995,PANCHANNA GRAM
N,Y,STOP,,417,22.76775,88.392909,NILGUNGE DEPOT
N,Y,STOP,,418,22.767453,88.388339,BARRACKPORE WIRELESS GATE
N,Y,STOP,,419,22.696483,88.418938,MURAGACHA (KALYANI EXPRESSWAY)
N,Y,STOP,,420,22.698107,88.427435,BOJGHAR (MADHYAMGRAM ROAD)
N,Y,STOP,,421,22.697255,88.441468,SAJIRHAT (NEW BARRACKPUR)
N,Y,STOP,,423,22.696167,88.449665,ARATI CHINEMA
N,Y,STOP,,424,22.694909,88.45783,MADHYAMGRAM STATION
Y,Y,JUNCTION,,425,22.692415,88.465372,MADHYAMGRAM CHOWMATHA
N,Y,STOP,,426,22.685684,88.463237,NEW BARRACKPORE
Y,Y,JUNCTION,,427,22.682457,88.462153,DOLTALA
N,Y,STOP,,429,22.674805,88.445481,SUKANTA NAGAR (BIRATI)
N,Y,STOP,,430,22.668509,88.444815,MICHAEL NAGAR
N,Y,STOP,,431,22.661978,88.442551,BAKRA
N,Y,STOP,,432,22.659371,88.441468,BIRATI MORE
N,Y,STOP,,433,22.655826,88.439977,SARAT COLONY
N,Y,STOP,,435,22.621842,88.432574,TEGHARIA
N,Y,STOP,,436,22.61891,88.432231,RAGHUNATHPUR
Y,Y,JUNCTION,,439,22.60367,88.42437,KESTOPUR
N,Y,STOP,,440,22.603143,88.418691,DUMDUM PARK
Y,Y,JUNCTION,,441,22.603222,88.412211,BANGUR
Y,Y,JUNCTION,,442,22.600033,88.407039,LAKE TOWN
N,Y,STOP,,443,22.598091,88.403713,SREEBHUMI
Y,Y,JUNCTION,,444,22.589769,88.393304,ULTADANGA HUDCO
N,Y,STOP,,447,22.583089,88.361901,RAM MANDIR
N,Y,STOP,,448,22.580994,88.361367,MAHAJATI SADAN
N,Y,STOP,,449,22.76582,88.4048,MOHANPUR (NILGUNJ ROAD)
N,Y,STOP,,450,22.764653,88.409162,DEB PUKUR (NILGUNJ ROAD)
N,Y,STOP,,453,22.540281,88.334418,SARADA MANI SATU
N,Y,STOP,,455,22.56501,88.410484,K B K C MORE
N,Y,STOP,,457,22.429365,88.404792,RAJPUR KALITALA
N,Y,STOP,,458,22.418168,88.414136,HARINAVI
N,Y,STOP,,459,22.424341,88.408976,MALANCHA (RAJPUR)
N,Y,STOP,,460,22.421837,88.411258,RAJPUR
N,Y,STOP,,463,22.372093,88.425598,GOBINDAPUR (BARUIPUR)
Y,Y,JUNCTION,,465,22.550131,88.34883,MAIDAN METRO
N,Y,STOP,,468,22.619264,88.46439,AKANKHA MORE
Y,Y,TERMINAL,,469,22.719161,88.485493,BARASAT (CHAPADALI)
Y,Y,JUNCTION,,471,22.711431,88.47558,BARASAT (DAK BANGLOW)
N,Y,STOP,,472,22.621562,88.450643,CITY CENTRE 2
N,Y,STOP,,474,22.581624,88.295484,BAKSARA/JANA GATE
N,Y,STOP,,478,22.578365,88.299497,BETORE
N,Y,STOP,,480,22.570387,88.305554,CARRY ROAD
N,Y,STOP,,481,22.560737,88.350668,ESPLANADE (NEW MARKET)
N,Y,STOP,,482,22.575335,88.359712,KOLUTOLA
N,Y,STOP,,483,22.598563,88.366085,GREY STREET
N,Y,STOP,,484,22.600167,88.367877,RAJ BALLABH PARK
Y,Y,JUNCTION,,485,22.60094,88.370999,SHYAM BAZAR METRO
Y,Y,JUNCTION,,486,22.609418,88.375892,TALA BRIDGE
N,Y,STOP,,487,22.638088,88.37808,TOBIN ROAD
Y,Y,JUNCTION,,488,22.663666,88.376746,KAMARHATI MUNICIPALITY
N,Y,STOP,,489,22.676513,88.376031,KAMARHATI
N,Y,STOP,,490,22.694222,88.375183,PANIHATI
N,Y,STOP,,491,22.70996,88.374411,SUKHCHAR
N,Y,STOP,,492,22.724171,88.373574,KHARDAH BAZAR
N,Y,STOP,,493,22.737678,88.372802,TITAGARH POLICE STATION
N,Y,STOP,,494,22.743724,88.372491,TITAGARH BAZAR
N,Y,STOP,,495,22.76139,88.366163,BARRACKPORE CHIRIYA MORE
N,Y,STOP,,503,22.701426,88.470444,SISIR KUNJA ( HRIDAYPUR)
N,Y,STOP,,506,22.645977,88.377625,BONHOOGLY
N,Y,STOP,,507,22.627013,88.378687,RABINDRA BHARATI UNIVERSITY
Y,Y,JUNCTION,,508,22.595558,88.364889,SOVA BAZAR METRO
N,Y,STOP,,509,22.59639,88.365125,BAG BAZAR
N,Y,STOP,,512,22.574032,88.402763,APPOLO HOSPITAL
Y,Y,JUNCTION,,514,22.578011,88.401732,MANI SQUARE
N,Y,STOP,,515,22.56077,88.322831,TOLL PLAZA (VIDYASAGAR SETU)
N,Y,STOP,,516,22.504112,88.372903,SALIMPUR
N,Y,STOP,,517,22.502355,88.384203,SAPUI PARA
N,Y,STOP,,520,22.499227,88.345259,M R BANGUR HOSPITAL
N,Y,STOP,,524,22.56476,88.368383,SEALDAH (NRS HOSPITAL/PRACHI CINEMA)
N,Y,STOP,,531,22.446651,88.297804,IIM JOKA
N,Y,STOP,,533,22.508208,88.511029,BANTALA IT PARK
N,Y,STOP,,536,22.508198,88.501344,BAMANGHATA
N,Y,STOP,,537,22.526464,88.444782,BANTALA
N,Y,STOP,,538,22.529506,88.42077,CHOWBHAGA
N,Y,STOP,,539,22.652773,88.34228,BALLY HALT
N,Y,STOP,,541,22.651481,88.398271,PRAMOD NAGAR
N,Y,STOP,,543,22.581332,88.447983,HIDCO
N,Y,STOP,,544,22.56705,88.354465,CHANDNI CHOWK
N,Y,STOP,,547,22.651917,88.402327,BELGHORIA EXPRESSWAY
N,Y,STOP,,548,22.652412,88.363296,ALAM BAZAR (DAKSHINESWAR)
N,Y,STOP,,549,22.6537,88.37891,DUNLOP (BELGHORIA  EXPRESSWAY)
N,Y,STOP,,550,22.580639,88.354534,SATYANARAYAN PARK
N,Y,STOP,,551,22.649322,88.377455,ISI
N,Y,STOP,,553,22.573122,88.349655,WRITERS BUILDING
N,Y,STOP,,560,22.549962,88.370987,PADMA PUKUR (GOBRA)
N,Y,STOP,,561,22.556252,88.372398,ANANDA PALIT
N,Y,STOP,,567,22.503502,88.340617,MAHABIR TALA
N,Y,STOP,,569,22.571922,88.403413,NETAJI NAGAR COLONY
N,Y,STOP,,570,22.589184,88.396251,SALT LAKE GATE
N,Y,STOP,,571,22.594682,88.405183,3 NO TANK
N,Y,STOP,,572,22.598475,88.415794,CAP CAMP
N,Y,STOP,,573,22.591026,88.419694,PURTA BHAVAN
N,Y,STOP,,574,22.582502,88.424028,10 NO TANK
N,Y,STOP,,579,22.577619,88.360394,MAHAMMAD ALI PARK
N,Y,STOP,,580,22.636395,88.378191,BARAHANAGAR BAZAR
N,Y,STOP,,585,22.599965,88.261507,KHEJURTALA
N,Y,STOP,,593,22.627171,88.232662,DOMJUR BDO OFFICE
N,Y,STOP,,594,22.633569,88.222105,DOMJUR
N,Y,STOP,,598,22.491702,88.383615,SANTOSHPUR LAKE
N,Y,STOP,,602,22.580184,88.414347,FD BLOCK
N,Y,STOP,,604,22.589913,88.408457,CITY CENTER 1 (2ND AVENUE)
N,Y,STOP,,609,22.493922,88.390275,JORA BRIDGE (SANTOSHPUR)
N,Y,STOP,,610,22.561465,88.40539,BELEGHATA ID HOSPITAL
N,Y,STOP,,613,22.565652,88.382432,KHAL POOL (BELEGHATA)
N,Y,STOP,,619,22.594904,88.314349,SANPUR MORE BUS STOP
N,Y,STOP,,621,22.56519,88.376602,BELEGHATA SALES TAX
N,Y,STOP,,622,22.563771,88.368102,NRS HOSPITAL
N,Y,STOP,,623,22.58713,88.398076,BIDHAN SISHU UDYAN
N,Y,STOP,,628,22.595947,88.407326,BD MARKET
N,Y,STOP,,630,22.471247,88.377323,45 BUS STAND (BAISHNABGHATA)
N,Y,STOP,,632,22.575623,88.192461,DHULAGARH CROSSING BUS STOP
N,Y,STOP,,634,22.540724,88.147922,PANCHLA BUS STOP
N,Y,STOP,,635,22.507782,88.133181,BELTALA
N,Y,STOP,,636,22.486441,88.109422,MANSHATALA BUS STOP
N,Y,STOP,,637,22.476617,88.090281,ULUBERIA
N,Y,STOP,,638,22.477896,88.053481,BIRSHIBPUR
N,Y,STOP,,641,22.463291,87.97275,BAGNAN BUS STAND
N,Y,STOP,,654,22.531588,88.256468,AKRA RABINDRANAGAR STAND
N,Y,STOP,,657,22.524214,88.282518,PAHARPUR
N,Y,STOP,,658,22.523759,88.290887,NATURE PARK
Y,Y,TERMINAL,,659,22.762218,88.418441,NILGUNGE BUS DEPOT
N,Y,STOP,,660,22.767501,88.395353,KANTHALIA BUS STAND
N,Y,STOP,,661,22.741559,88.372597,TITAGARH
N,Y,STOP,,662,22.726291,88.373466,KHARDAH MUNICIPALITY
N,Y,STOP,,664,22.666804,88.376556,RATHTALA (BT ROAD)
N,Y,STOP,,666,22.60347,88.37849,RG KAR HOSPITAL
N,Y,STOP,,669,22.655679,88.321433,RAJ CHANDRA PUR
N,Y,STOP,,671,22.653898,88.412842,ADARSHA NAGAR
N,Y,STOP,,672,22.568376,88.357321,AIR INDIA
N,Y,STOP,,673,22.565315,88.351548,ESPLANADE (KC DAS)
N,Y,STOP,,676,22.614441,88.37334,COSSIPORE
N,Y,STOP,,679,22.767062,88.38328,JAFARPUR
N,Y,STOP,,680,22.766773,88.378555,CHANDAN PUKUR
N,Y,STOP,,681,22.767072,88.373592,SHIV MANDIR (NILGUNJE ROAD)
N,Y,STOP,,682,22.752088,88.370341,BN BOSE HOSPITAL
N,Y,STOP,,683,22.749966,88.372009,TALPUKUR (BARRACKPORE)
N,Y,STOP,,684,22.700826,88.374827,SODEPUR
N,Y,STOP,,685,22.691271,88.375319,BENGAL CHEMICAL (PANIHATI)
N,Y,STOP,,690,22.600679,88.369945,MANINDRA CHANDRA COLLEGE
N,Y,STOP,,719,22.493645,88.371662,KPC HOSPITAL
N,Y,STOP,,720,22.542162,88.286406,HARIMOHAN GHOSH COLLEGE (SAILASREE)
N,Y,STOP,,722,22.538585,88.293219,ASBESTOS MORE (ITC)
N,Y,STOP,,723,22.534889,88.301749,BRUK LANE
N,Y,STOP,,724,22.538585,88.317895,KHIDIRPUR TRAM DEPOT
N,Y,STOP,,725,22.538744,88.320073,FANCY MARKET
N,Y,STOP,,728,22.632309,88.224298,DOMJUR HOSPITAL MORE
N,Y,STOP,,730,22.762713,88.414994,BARRACKPORE STAND
N,Y,STOP,,736,22.513407,88.355944,LAKE ROAD
N,Y,STOP,,738,22.595979,88.400376,GOLA GHATA
N,Y,STOP,,739,22.592621,88.395226,DAKHINDARI
Y,Y,TERMINAL,,742,22.644632,88.439038,AIRPORT OLD BUS TERMINUS
N,Y,STOP,,747,22.503082,88.37867,SAHID NAGAR (KALIKAPUR)
N,Y,STOP,,748,22.487276,88.342295,KARUNAMOYEE STAND (TOLLYGUNGE)
N,Y,STOP,,749,22.580091,88.431232,ST6 SALT LAKE STAND
N,Y,STOP,,751,22.570819,88.368885,SURENDRANATH COLLEGE
N,Y,STOP,,755,22.520283,88.399016,TEGORE PARK
N,Y,STOP,,757,22.675002,88.457713,GANGA NAGAR (JULIEN DAY SCHOOL)
N,Y,STOP,,761,22.460766,88.395296,SAHA PARA (FARTABAD)
N,Y,STOP,,763,22.443934,88.394239,MANDIR GATE (NARENDRAPUR)
N,Y,STOP,,765,22.41242,88.418299,HARAHARITALA
N,Y,STOP,,766,22.408532,88.420788,KEDAR ASHRAM
N,Y,STOP,,767,22.398801,88.419994,PANCHABATI
N,Y,STOP,,768,22.384139,88.420702,KHASHMALLIK BUS STOP
N,Y,STOP,,770,22.565161,88.370677,SEALDAH (BR SINGH HOSPITAL)
N,Y,STOP,,771,22.508508,88.518263,LEATHER COMPLEX 2
N,Y,STOP,,772,22.507478,88.531138,KARAI DANGA
N,Y,STOP,,773,22.506486,88.537747,BHOJERHAT
N,Y,STOP,,774,22.497328,88.566714,PAGLAHAT
N,Y,STOP,,775,22.496852,88.595511,NALMURI
N,Y,STOP,,776,22.503116,88.615252,GHATAK PUKUR
N,Y,STOP,,777,22.512949,88.651215,CHANDI MORE (GHATAKPUKUR)
N,Y,STOP,,778,22.522701,88.688894,GHUSIGHATA
N,Y,STOP,,779,22.514297,88.712155,BAMAN PUKUR
N,Y,STOP,,780,22.50817,88.727295,MINAKHAN
N,Y,STOP,,782,22.507953,88.769919,MALANCHA (NORTH 24 PGS)
N,Y,STOP,,792,22.474384,88.339462,HARIDEBPUR SPORTING CLUB
N,Y,STOP,,793,22.470577,88.339419,KAORA PUKUR
N,Y,STOP,,794,22.459235,88.325375,KALI TALA (KABAR DANGA)
N,Y,STOP,,795,22.459056,88.320118,THAKURPUKUR CANCER HOSPITAL
N,Y,STOP,,796,22.458283,88.311192,BADAM TALA (THAKURPUKUR)
N,Y,STOP,,803,22.766673,88.369172,LAL KUTHI (BARACKPORE)
N,Y,STOP,,810,22.723258,88.478498,COLONY MORE
N,Y,STOP,,816,22.806218,88.511887,AMDANGA (BIRA ROAD)
N,Y,STOP,,823,22.901445,88.53928,GADAMARA
N,Y,STOP,,826,22.941447,88.544202,JAGULI
N,Y,STOP,,839,22.718664,88.48814,KAJI PARA (BARASAT)
N,Y,STOP,,848,22.695736,88.68804,BERACHAMPA
N,Y,STOP,,862,22.57602,88.01008,AMTA
N,Y,STOP,,865,22.572612,88.034371,CHAKHNA
N,Y,STOP,,873,22.563379,88.159125,RANIHATI
N,Y,STOP,,891,22.557436,88.084053,MANIK PUR
N,Y,STOP,,893,22.53803,88.309578,HIDE ROAD
N,Y,STOP,,894,22.538377,88.303549,6 NO DOCK GATE
N,Y,STOP,,897,22.545868,88.286522,RAMNAGAR (PAHARPUR ROAD)
N,Y,STOP,,900,22.507877,88.52447,LEATHER COMPLEX 3
N,Y,STOP,,901,22.516177,88.665182,GHOSH PARA (GHATAK PUKUR)
N,Y,STOP,,904,22.377431,88.423352,JOGI BATTALA
N,Y,STOP,,906,22.437737,88.398761,NARENDRAPUR (MISSION GATE)
N,Y,STOP,,946,22.29608,88.02768,SHYAMPUR
N,Y,STOP,,950,22.221952,88.039734,GADIARA
N,Y,STOP,,954,22.472469,88.014129,KULGACHI
N,Y,STOP,,962,22.618592,88.242518,MAKARDAHA
N,Y,STOP,,965,22.597051,88.365491,RAJA RAY BALLAV PARA
N,Y,STOP,,969,22.640419,88.377904,ANANYA CINEMA
N,Y,STOP,,980,22.763422,88.369965,DISHA EYE HOSPITAL (BARRACKPORE)
N,Y,STOP,,981,22.767032,88.372728,SUBHASH NAGAR COLONEY (SUBASH PALLY)
N,Y,STOP,,982,22.767082,88.376724,MASJID MORE (BARRACKPORE)
N,Y,STOP,,1001,22.53844,88.31602,4 NO DOCK HOSPITAL
N,Y,STOP,,1007,22.504487,88.367197,JODHPUR PARK
N,Y,STOP,,1014,22.606132,88.386814,BELGACHIA METRO
N,Y,STOP,,1017,22.56225,88.355186,NEW MARKET (ELITE CINEMA)
N,Y,STOP,,1023,22.607365,88.390898,DATTA BAGAN
Y,Y,TERMINAL,,1025,22.51222,88.409427,ANANDAPUR
N,Y,STOP,,1027,22.608315,88.395489,PATIPUKUR
N,Y,STOP,,1037,22.539539,88.286313,TARATALA ROAD & PAHARPUR ROAD (TIL)
N,Y,STOP,,1040,22.538629,88.290701,FATEHPUR (PAHARPUR ROAD)
N,Y,STOP,,1045,22.524309,88.270393,SANTOSHPUR RAILWAY STATION
N,Y,STOP,,1051,22.594194,88.3793,NARKEL DANGA
N,Y,STOP,,1063,22.554392,88.364314,JORA GIRJA
N,Y,STOP,,1080,22.539039,88.378595,TILJALA
N,Y,STOP,,1081,22.563791,88.35618,CHANDNI CHOWK (JYOTI CINEMA)
N,Y,STOP,,1082,22.572444,88.367839,PURABI CINEMA
N,Y,STOP,,1088,22.628691,88.392244,DUMDUM STATION
N,Y,STOP,,1089,22.578603,88.373786,RAJA BAZAR SCIENCE COLLEGE
N,Y,STOP,,1093,22.561364,88.358384,LOTUS CINEMA
N,Y,STOP,,1100,22.594242,88.38562,MUCHI BAZAR
N,Y,STOP,,1101,22.594192,88.378165,GOURI BARI
N,Y,STOP,,1108,22.571802,88.408341,13 NO TANK
N,Y,STOP,,1110,22.586627,88.402789,CA ISLAND
N,Y,STOP,,1113,22.564703,88.359336,HIND CINEMA
N,Y,STOP,,1114,22.58092,88.365735,THANTHANIA KALI BARI
N,Y,STOP,,1115,22.584179,88.366958,SREEMANI MARKET
N,Y,STOP,,1116,22.592788,88.370236,RUPBANI
N,Y,STOP,,1122,22.603626,88.37347,TALA POST OFFICE
N,Y,STOP,,1123,22.598558,88.374504,JORA PUKUR
N,Y,STOP,,1124,22.574635,88.373027,RAJA BAZAR TRAM DEPOT
N,Y,STOP,,1125,22.573035,88.372327,SEALDAH ESI HOSPITAL
Y,Y,TERMINAL,,1127,22.485865,88.4121,NAYABAD
N,Y,STOP,,1144,22.45751,88.308026,THAKURPUKUR JAMES LONG CROSSING
N,Y,STOP,,1152,22.536714,88.364848,BIRLA MANDIR
N,Y,STOP,,1153,22.525422,88.365985,GARIAHAT TRAM DEPOT
N,Y,STOP,,1154,22.649564,88.363369,ALAM BAZAR POST OFFICE
N,Y,STOP,,1155,22.647821,88.363015,ALAM BAZAR ZUBLI
N,Y,STOP,,1156,22.647345,88.36531,BARAHANAGAR MUNICIPLALITY (DESHBANDHU RAOD)
N,Y,STOP,,1157,22.646158,88.371877,RABINDRA BHABAN (BARAHANAGAR)
N,Y,STOP,,1158,22.645683,88.374828,MALLICK COLONY
N,Y,STOP,,1162,22.628621,88.371405,MANDIR BARI
N,Y,STOP,,1163,22.625818,88.371974,RATAN BABU ROAD / COSSIPORE UDDYAN BATI
N,Y,STOP,,1164,22.618895,88.373184,BIBI BAZAR
N,Y,STOP,,1174,22.479508,88.375992,BIG BAZAR (GANGULY BAGAN)
N,Y,STOP,,1185,22.495628,88.370859,JADAVPUR UNIVERSITY (8B BUS STAND)
N,Y,STOP,,1193,22.531054,88.352994,MOTOR VEHICLES
N,Y,STOP,,1203,22.503146,88.37993,GANGULY PUKUR
N,Y,STOP,,1206,22.503143,88.395705,ANANDA SANGHA BUS STAND
N,Y,STOP,,1233,22.533056,88.33095,KOTHARI HOSPITAL
N,Y,STOP,,1234,22.489386,88.27059,NATUNHAT (MOYNAGAR)
N,Y,STOP,,1258,22.679944,88.452271,BT COLLEGE (MADHYAMGRAM)
N,Y,STOP,,1309,22.55565,88.34473,FORT WILLIAM (WEST)
N,Y,STOP,,1312,22.640917,88.432121,AIRPORT GATE NO 1 (AUTO STAND)
N,Y,STOP,,1313,22.648547,88.435851,AIRPORT GATE NO 2
N,Y,STOP,,1315,22.662423,88.37851,SINDHU STORES (FEADER ROAD)
N,Y,STOP,,1317,22.660537,88.389753,BELGHORIA STATION
N,Y,STOP,,1318,22.664879,88.398701,CULTURE MORE
N,Y,STOP,,1319,22.664623,88.401675,NIMTA BAZAR
N,Y,STOP,,1329,22.506409,88.331792,BURA SHIBTALA
N,Y,STOP,,1340,22.520077,88.346536,KALIGHAT
N,Y,STOP,,1342,22.585958,88.217565,JALAN GATE 1
N,Y,STOP,,1343,22.585488,88.280513,SANTRAGACHI
N,Y,STOP,,1345,22.56733,88.341,NETAJI INDOOR STADIUM
N,Y,STOP,,1346,22.392119,88.084085,BAGANDA
N,Y,STOP,,1347,22.34775,88.035714,BARGRAM
N,Y,STOP,,1349,22.411252,88.093037,DHULASIMLA
N,Y,STOP,,1350,22.35987,88.056149,GARCHUMUK
N,Y,STOP,,1351,22.468136,88.104258,GORUHATA
N,Y,STOP,,1352,22.240697,88.038669,GURJOR PUR
N,Y,STOP,,1353,22.450728,88.108463,JAGADISHPUR
N,Y,STOP,,1354,22.443346,88.105716,KALINAGAR
N,Y,STOP,,1355,22.512066,88.135346,KHALISANI KALITALA
N,Y,STOP,,1356,22.320128,88.017339,KHARUBERIA
N,Y,STOP,,1357,22.272853,88.028294,LAXMI BAZAR
N,Y,STOP,,1358,22.376848,88.073689,MOHINI MORE
N,Y,STOP,,1359,22.428045,88.09795,MOUBESIA
N,Y,STOP,,1360,22.329108,88.021956,MOULA
N,Y,STOP,,1361,22.47619,88.096079,NEEMDIGHI
N,Y,STOP,,1362,-6.786582,39.166194,KIMARA TERMINAL
N,Y,STOP,,1363,-6.792713,39.210823,KIVUKONI TERMINAL
Y,Y,JUNCTION,,1377,22.566406,88.348434,ESPLANADE (RAJ BHABAN)
N,Y,STOP,,1378,22.570764,88.40395,SWABHUMI
Y,Y,JUNCTION,,1379,22.580275,88.440591,MAHISBATHAN
N,Y,STOP,,1380,22.57649,88.43939,215A BUS STAND
Y,Y,JUNCTION,,1381,22.57272,88.4382,GODREJ WATERSIDE
N,Y,STOP,,1382,22.567213,88.436171,GP BLOCK
N,Y,STOP,,1383,22.56792,88.43244,FIRE BRIGADE (SECTOR V)
Y,Y,TERMINAL,,1385,22.59577,88.486545,AMITY UNIVERSITY
N,Y,STOP,,1386,22.609671,88.402089,LAKE TOWN (JESSORE ROAD)
N,Y,STOP,,1387,22.568815,88.472345,JALAVAYU TOWER
N,Y,STOP,,1388,22.561582,88.464684,AQUATICA
N,Y,STOP,,1391,22.487119,88.278532,OXYTOWN
N,Y,STOP,,1392,22.638994,88.42818,HMV
N,Y,STOP,,1393,22.631418,88.422713,MALL ROAD
N,Y,STOP,,1394,22.630067,88.421461,CENTRAL JAIL
N,Y,STOP,,1395,22.628753,88.420532,MRINALINI
N,Y,STOP,,1396,22.626068,88.417674,CLIVE HOUSE
N,Y,STOP,,1397,22.615983,88.41213,DIAMOND CITY
N,Y,STOP,,1398,22.611157,88.409271,BANGUR (JESSORE ROAD)
N,Y,STOP,,1401,22.620876,88.455427,NABADIGANTA MORE
N,Y,STOP,,1402,22.65182,88.38544,PRAFULLA NAGAR
N,Y,STOP,,1403,22.594714,88.421017,SWIMING POOL (SALTLAKE)
N,Y,STOP,,1404,22.592614,88.415051,LALKUTHI (SALTLAKE)
N,Y,STOP,,1406,22.518128,88.333205,HIJRA MORE
N,Y,STOP,,1407,22.522199,88.330469,ALIPUR STATE BANK
N,Y,STOP,,1408,22.513049,88.353191,RABINDRA SAROBAR STADIUM
N,Y,STOP,,1423,22.563942,88.390647,DESHBANDHU (BELEGHATA)
N,Y,STOP,,1424,22.564988,88.385383,SARKAR BAZAR
N,Y,STOP,,1433,22.54529,88.352639,SHAKESPEARE SARANI/CAMAC STREET
N,Y,STOP,,1434,22.551063,88.354112,SHAKESPEARE SARANI/PARK STREET
N,Y,STOP,,1435,22.549371,88.356622,ST XAVIERS SCHOOL
N,Y,STOP,,1436,22.660335,88.383724,BELGHORIA POST OFFICE
N,Y,STOP,,1438,22.545037,88.380177,SHIBTALA MATH
N,Y,STOP,,1442,22.43272,87.86672,KOLAGHAT
N,Y,STOP,,1444,21.77117,87.73881,CONTAI / KANTHI
N,Y,STOP,,1445,21.623525,87.52414,DIGHA
N,Y,STOP,,1446,22.187672,87.918536,NANDAKUMAR
N,Y,STOP,,1447,23.687912,86.969033,ASANSOL
N,Y,STOP,,1449,23.666112,87.681372,BOLPUR BUS STAND
N,Y,STOP,,1451,23.535027,87.297585,CITY CENTER (DURGAPUR)
N,Y,STOP,,1452,23.453777,87.445955,DARJEELING MORE (PANAGARH)
N,Y,STOP,,1459,23.219643,87.899801,GT ROAD (ULLAS)
N,Y,STOP,,1460,23.627977,87.541553,ILLAMBAZAR
N,Y,STOP,,1461,23.837313,87.471617,KACHUJOR
N,Y,STOP,,1465,23.646899,87.099374,RANIGANJ (GT ROAD)/PUNJABI MORE
N,Y,STOP,,1467,23.903958,87.528666,SURI BUS STAND
N,Y,STOP,,1469,22.581348,88.349345,BRABOURNE ROAD
N,Y,STOP,,1471,23.210241,87.950742,SHAKTIGARH
N,Y,STOP,,1472,23.504074,87.353039,MUCHIPARA (DURGAPUR)
N,Y,STOP,,1474,22.563506,88.343747,EDEN GARDEN
N,Y,STOP,,1475,22.564313,88.346035,AKASHVANI BHAVAN
N,Y,STOP,,1476,22.972223,88.779263,HABRA
N,Y,STOP,,1478,22.52121,88.462469,ENGINEERING COLLEGE
N,Y,STOP,,1479,22.518395,88.470779,BAMUNGHATA
N,Y,STOP,,1481,22.583877,88.37878,CANAL WEST ROAD
N,Y,STOP,,1489,22.168781,88.252242,HATUGANJ
N,Y,STOP,,1490,22.08104,88.245197,KULPI
N,Y,STOP,,1491,22.032416,88.240991,KARANJALI
N,Y,STOP,,1492,21.98861,88.215457,NISCHINDAPUR
N,Y,STOP,,1493,21.874356,88.187601,KAKDWIP
N,Y,STOP,,1494,21.823032,88.226954,UKILER HUT
N,Y,STOP,,1495,21.766767,88.235881,NAMKHANA
N,Y,STOP,,1497,22.945895,88.544421,KALYANI MORE
N,Y,STOP,,1498,22.993836,88.545027,BIROHI
N,Y,STOP,,1499,23.033627,88.534745,SHIMURALI BUS STOP (CHAKDAHA)
N,Y,STOP,,1500,23.172288,88.557953,RANAGHAT
N,Y,STOP,,1501,23.194719,88.541057,HABIBPUR
N,Y,STOP,,1502,23.21883,88.506675,PHULIA
N,Y,STOP,,1503,23.270166,88.43699,SHANTIPUR
N,Y,STOP,,1504,23.318994,88.453895,DIGNAGAR
N,Y,STOP,,1505,23.406933,88.482554,COLLECTORI MORE BUS STOP
N,Y,STOP,,1506,23.402357,88.500096,KRISHNANAGAR
N,Y,STOP,,1507,23.51697,88.55363,CHAPRA
N,Y,STOP,,1508,23.616385,88.532165,BARA ANDULIA
N,Y,STOP,,1509,23.639982,88.530146,SONPUKAR
N,Y,STOP,,1510,23.72782,88.5339,TEHATTA
N,Y,STOP,,1511,23.805644,88.564016,BETAI
N,Y,STOP,,1512,23.867111,88.537047,NAZIRPUR
N,Y,STOP,,1513,23.886729,88.601739,KANTHALIA
N,Y,STOP,,1514,23.98194,88.627888,KARIMPUR WBTC BUS STAND
N,Y,STOP,,1515,22.681993,88.278068,KALIPUR MORE
N,Y,STOP,,1516,22.690438,88.264984,CHANDITALA MORE
N,Y,STOP,,1517,22.730516,88.208321,JANGAL PARA
N,Y,STOP,,1518,22.743183,88.187985,MOSAT
N,Y,STOP,,1519,22.771066,88.165487,SHEAKHALA
N,Y,STOP,,1520,22.789566,88.124363,SIPAI GACHI
N,Y,STOP,,1521,22.802079,88.079866,GAJAR MORE
N,Y,STOP,,1522,22.839101,87.971241,CHAMPA DANGA
N,Y,STOP,,1524,22.837118,87.899344,HARINKHOLA
N,Y,STOP,,1525,22.843485,87.866737,MAYAPUR
N,Y,STOP,,1526,22.876154,87.791259,GOURHATI MORE
N,Y,STOP,,1527,22.886177,87.784393,ARAMBAGH BUS STAND
N,Y,STOP,,1528,22.888531,87.702887,GOGHAT
N,Y,STOP,,1529,22.89533,87.659923,KAMARPUKUR
N,Y,STOP,,1530,22.924438,87.608614,JAYRAMBATI
N,Y,STOP,,1531,22.680935,88.297045,DANKUNI HOUSING
N,Y,STOP,,1532,22.57037,88.358213,CENTRAL METRO
N,Y,STOP,,1533,22.556098,88.383991,VAISAHLI
N,Y,STOP,,1535,22.541588,88.343648,RABINDRA SADAN
N,Y,STOP,,1536,22.573411,88.839673,BHEBIA CHOWRASTHA
N,Y,STOP,,1537,22.521334,88.784206,AMADPUR
N,Y,STOP,,1538,22.542077,88.796551,NIMCHI
N,Y,STOP,,1539,22.552875,88.822749,BHEBIA BUS STOP
N,Y,STOP,,1540,22.559974,88.348347,CTC TENT
N,Y,STOP,,1541,22.539443,88.295907,GARDEN REACH SHIPBUIDERS
N,Y,STOP,,1542,22.547002,88.292456,28 NO. BUS TERMINUS
N,Y,STOP,,1545,22.710834,88.522874,PIRGACHA
N,Y,STOP,,1546,22.710396,88.5276,DHARMATALA (BARASAT)
N,Y,STOP,,1547,22.708907,88.543683,KADAMBAGACHI
N,Y,STOP,,1548,22.70316,88.574423,GOLABARI BAZAR
N,Y,STOP,,1549,22.687565,88.653556,DEGANGA
N,Y,STOP,,1551,22.69559,88.695019,BERACHAMPA BADURIA MORE BUS STAND
N,Y,STOP,,1552,22.722667,88.717127,AGAPUR
N,Y,STOP,,1553,22.733353,88.735197,JADURHATI NATUNHAT
N,Y,STOP,,1554,22.733815,88.77903,DHALIPARA MORE BUS STOP
N,Y,STOP,,1555,22.734788,88.782961,BADURIA BUS STOP
N,Y,STOP,,1559,22.846953,88.631319,KALYANGARH MORE BUS STOP
N,Y,STOP,,1560,22.848009,88.62447,ASHOKENAGAR 8 NO. BUS STOP
N,Y,STOP,,1561,22.838394,88.619534,CHOWRINGEE (ASHOKNAGAR)
N,Y,STOP,,1562,22.833733,88.617133,8 NO KALIBARI BUS STOP
N,Y,STOP,,1563,22.841617,88.587253,HIZLA
N,Y,STOP,,1564,22.842591,88.582444,RAJBARI
N,Y,STOP,,1565,22.848217,88.567283,ISWARIGACHA XING
N,Y,STOP,,1566,22.857372,88.529445,AWALSIDDHA CHOWMATHA
N,Y,STOP,,1567,22.871572,88.49463,DHARIAPUR
N,Y,STOP,,1568,22.879002,88.472247,HAMIDPUR BUS STOP
N,Y,STOP,,1569,22.881889,88.451916,DEBAK (MAMUDPUR)
N,Y,STOP,,1570,22.885292,88.434325,SAHEB COLONY MORE
N,Y,STOP,,1571,22.887338,88.428871,NETRALOK EYE HOSPITAL
N,Y,STOP,,1572,22.889543,88.422067,W.B.S.E.D.C NAIHATI
N,Y,STOP,,1573,22.893414,88.424162,BARDA BRIDGE BUS STOP
N,Y,STOP,,1574,22.895064,88.419208,RAMKRISHNA CINEMA BUS STOP
N,Y,STOP,,1575,22.889185,88.418372,NAIHATI MUNICIPALITY
N,Y,STOP,,1576,22.886642,88.416848,NAIHATI MAHENDRA HIGH SCHOOL
N,Y,STOP,,1577,22.883605,88.415096,NAIHATI BUS STAND
N,Y,STOP,,1580,22.556407,88.357273,ALIMUDDIN STREET XING
N,Y,STOP,,1581,22.552622,88.356136,ELLIOT ROAD XING
N,Y,STOP,,1582,22.600052,88.372952,SHYAM BAZAR TRAM DEPOT
N,Y,STOP,,1583,22.58387,88.349621,BARABAZAR TRAM STOP
N,Y,STOP,,1585,22.565346,88.150474,MOLLICK BAGAN
N,Y,STOP,,1586,22.565241,88.055637,NARIT
N,Y,STOP,,1588,22.560707,88.366865,MOULALI (SN BANERJEE)
N,Y,STOP,,1593,22.573993,88.35363,LAL BAZAR XING
N,Y,STOP,,1596,22.501356,88.345201,Tipu Sultan Mosque
N,Y,STOP,,1597,22.599826,88.366589,RAJBALLAV PARA
N,Y,STOP,,1601,22.593224,88.473489,ALIAH UNIVERSITY
N,Y,STOP,,1602,22.653343,88.330589,SHILPASHREE
N,Y,STOP,,1603,22.649454,88.394343,MATHKOL
N,Y,STOP,,1605,22.652843,88.339914,BALLY    HALT
N,Y,STOP,,1615,22.569297,88.348156,RED CROSS PLACE
N,Y,STOP,,1617,22.527799,88.36058,BALLYGUNGE CIRCULAR ROAD
N,Y,STOP,,1618,22.529964,88.355447,DAVID HARE TRAINING COLLEGE
N,Y,STOP,,1621,22.542366,88.331759,HESTINGS (AJC BOSE)
N,Y,STOP,,1622,22.579709,88.352105,ARMENIAN STREET
N,Y,STOP,,1640,22.580798,88.401176,BENGAL    CHEMICAL
N,Y,STOP,,1643,22.514088,88.395464,SIEMENS
N,Y,STOP,,1646,22.521115,88.398354,TAGORE PARK BUS STOP
N,Y,STOP,,1647,22.535478,88.396717,BASANTI HIGH WAY XING
N,Y,STOP,,1678,22.570948,88.41184,I A BLOCK
N,Y,STOP,,1680,22.505089,88.337249,AMRAPALI
N,Y,STOP,,1681,22.52904,88.345447,PURNA CINEMA
N,Y,STOP,,1682,22.523523,88.343888,HARISH MUKHERJEE & HAZRA ROAD CROSSING
N,Y,STOP,,1683,22.546683,88.340783,VICTORIA MEMORIAL
N,Y,STOP,,1684,22.56301,88.347222,RED ROAD
N,Y,STOP,,1685,22.530028,88.343451,BHAWANIPUR HARISH PARK
N,Y,STOP,,1687,22.549254,88.284957,BICHALI GHAT
N,Y,STOP,,1688,22.543354,88.310631,B N R OFFICE
N,Y,STOP,,1689,22.544294,88.368615,SUHRAWARDY AVENUE
N,Y,STOP,,1691,22.529282,88.372219,BONDEL ROAD 
N,Y,STOP,,1693,22.427175,88.342631,BAKESWAR
N,Y,STOP,,1694,22.430121,88.341269,SAJNABERIA
N,Y,STOP,,1695,22.495261,88.339572,B L SAHA ROAD
N,Y,STOP,,1696,22.413409,88.350431,NEPALGUNGE  HAT
N,Y,STOP,,1697,22.448347,88.334263,RAMJIBAN PUR
N,Y,STOP,,1698,22.456527,88.395765,DAS PARA (PEPSI)
N,Y,STOP,,1699,22.537541,88.354315,ELGIN  & SARAT BOSE ROAD  CROSSING
N,Y,STOP,,1700,22.523482,88.352196,SHISHUMANGAL HOSPITAL
N,Y,STOP,,1701,22.479521,88.355272,NETAJI NAGAR (N S RD)
N,Y,STOP,,1702,22.563749,88.338575,BABUGHAT / BAND STAND
N,Y,STOP,,1703,22.534727,88.353518,CHAKRABERIA & SARAT BOSE RD XING
N,Y,STOP,,1704,22.501944,88.353883,JOGESH CHANDRA COLLEGE
N,Y,STOP,,1705,22.486818,88.351008,ASHOK NAGAR / REJENT PARK
N,Y,STOP,,1706,22.467388,88.30847,THAKURPUKUR PS
N,Y,STOP,,1707,22.490664,88.409918,GREEN LAND MORE
N,Y,STOP,,1708,22.478726,88.406383,1B BUS STAND / SRINAGAR MAIN RD
N,Y,STOP,,1709,22.609396,88.400477,KALINDI
N,Y,STOP,,1710,22.578555,88.419185,12 NO. TANK
N,Y,STOP,,1711,22.575559,88.418002,SUSRUT
N,Y,STOP,,1712,22.571257,88.416307,IC BLOCK / 14 NO. TANK
N,Y,STOP,,1713,22.564393,88.413627,KC BLOCK
N,Y,STOP,,1714,22.578188,88.408712,FALGUNI
N,Y,STOP,,1715,22.365723,88.353635,JULPIA
N,Y,STOP,,1716,22.391746,88.344456,PRASADPUR
N,Y,STOP,,1718,22.456571,88.385261,TENTULTALA  
N,Y,STOP,,1719,22.453185,88.388614,MAHAMAYATALA  
N,Y,STOP,,1720,22.463935,88.379464,GARIA  METRO 
N,Y,STOP,,1721,22.513761,88.359226,VIVEKANANDA PARK
N,Y,STOP,,1722,22.348537,88.437945,BARUIPUR PURATAN BAZAR
N,Y,STOP,,1723,22.344759,88.442786,BARUIPUR  SAHA PARA
N,Y,STOP,,1724,22.334146,88.448255,BARUIPUR  BELIAGHATA
N,Y,STOP,,1725,22.320331,88.453453,BARUIPUR  KUMARHAT
N,Y,STOP,,1726,22.293792,88.462895,SURYAPUR
N,Y,STOP,,1727,22.280122,88.453841,GOCHARAN
N,Y,STOP,,1728,22.291402,88.457301,BALBALIA
N,Y,STOP,,1729,22.311643,88.459546,DHAPDHAPI
N,Y,STOP,,1730,22.273789,88.449257,BELIACHANDI
N,Y,STOP,,1731,22.268363,88.444024,SARBERIA
N,Y,STOP,,1732,22.246272,88.447307,PADMERHAT HOSPITAL
N,Y,STOP,,1733,22.226073,88.448069,DAKSHIN  BARASAT
N,Y,STOP,,1734,22.201359,88.440224,BAHARU
N,Y,STOP,,1735,22.181682,88.426741,DURGAPUR (JOYNAGAR)
N,Y,STOP,,1736,22.170131,88.415606,JOYNAGAR STN
N,Y,STOP,,1737,22.148401,88.400332,BISHNUPUR  SOUTH
N,Y,STOP,,1739,22.141448,88.394357,MATHURAPUR BUS STAND
N,Y,STOP,,1740,22.124183,88.388521,BAPULI BAZAR
N,Y,STOP,,1741,22.462717,88.379906,GARIA SITALA MANDIR
N,Y,STOP,,1743,22.627236,88.465796,MOONBEAM  HSG. / 46B BUS STAND
N,Y,STOP,,1745,22.510787,88.381871,HALTU  RD. & SARAT GHOSH  RD. XING
N,Y,STOP,,1746,22.513602,88.381264,KASBA  RATHTALA  MORE
N,Y,STOP,,1748,22.507868,88.384425,GARFA  MAIN RD. (NANDIBAGAN)
N,Y,STOP,,1749,22.538114,88.311391,B N R OFFICE COLONY
N,Y,STOP,,1750,22.497416,88.374146,JADAVPUR  PALBAZAR
N,Y,STOP,,1751,22.517585,88.378029,B B CHATTERJEE RD. (KASBA)
N,Y,STOP,,1752,22.516531,88.303373,TARATALA RD &  HIDE RD XING
N,Y,STOP,,1753,22.492737,88.388396,SANTOSHPUR  BUS STAND
N,Y,STOP,,1754,22.603106,88.391357,MILK COLONY 
N,Y,STOP,,1756,22.579795,88.370125,RAMMOHON COLLEGE / CITY COLLEGE
N,Y,STOP,,1757,22.573471,88.367238,AMHERST STREET
N,Y,STOP,,1758,22.431307,88.289286,PAILAN
N,Y,STOP,,1759,22.601723,88.428542,RABINDRA  PALLY  (KESTOPUR)
N,Y,STOP,,1760,22.596395,88.433362,MAJHER PARA RD. (KESTOPUR)
N,Y,STOP,,1761,22.590726,88.433728,THAKDARI RD. (KESTOPUR)
N,Y,STOP,,1762,22.501342,88.301029,RABINDRA NAGAR (BEHALA)
N,Y,STOP,,1763,22.500132,88.311817,BRAHMO SAMAJ S.O POST OFFICE
N,Y,STOP,,1764,22.591786,88.427701, A.J BLOCK ( 206 BUS STAND)
N,Y,STOP,,1765,22.535419,88.346111,DN MITRA SQUARE
N,Y,STOP,,1769,22.467529,88.285142,KESTOR MORE
N,Y,STOP,,1770,22.634987,88.411752,DUM DUM CANTONMENT
N,Y,STOP,,1771,22.633348,88.423573,DUMDUM POST OFFICE
N,Y,STOP,,1772,22.638514,88.380564,BARANAGAR GENERAL HOSPITAL
N,Y,STOP,,1773,22.640799,88.391234,NOAPARA BUS STAND
N,Y,STOP,,1774,22.554987,88.384314,TANGRA
N,Y,STOP,,1775,22.561411,88.377782,PALMER BAZAR RD.
N,Y,STOP,,1776,22.556424,88.380182,R.N. CHOWDHURY  RD.
N,Y,STOP,,1777,22.563941,88.320909,KAZIPARA (HOWRAH)
N,Y,STOP,,1778,22.561959,88.312687,BETAITALA
N,Y,STOP,,1779,22.557549,88.306849,B.E. COLLEGE (SHIBPUR)
N,Y,STOP,,1780,22.557116,88.301063,B. DARDEN (SHIBPUR)
N,Y,STOP,,1781,22.579766,88.336735,HOWRAH GENERAL HOSPITAL
N,Y,STOP,,1782,22.662507,88.408925,NIMTA / 201 BUS STAND
N,Y,STOP,,1783,22.601505,88.348509,BANDAGHAT
N,Y,STOP,,1784,22.581335,88.337342,HOWRAH COURT
N,Y,STOP,,1785,22.601877,88.342047,SALKIA CHOWRASTHA
N,Y,STOP,,1786,22.546124,88.386094,BRINDAVAN GARDEN (TOPSIA )
N,Y,STOP,,1787,22.554576,88.393346,D.C.DEY RD. & DHAPA RD. XING
N,Y,STOP,,1788,22.563809,88.377978,MUNSHI BAZAR
N,Y,STOP,,1789,22.587201,88.351725,POSTA BAZAR
N,Y,STOP,,1790,22.622349,88.410231,MOTIJHEEL
N,Y,STOP,,1791,22.621662,88.404619,CHATAKAL
N,Y,STOP,,1792,22.609668,88.447264,HATIARA 30C BUS STAND
N,Y,STOP,,1794,22.612275,88.437078,JYANGRA BATTALA
N,Y,STOP,,1795,22.614281,88.445645,HATIARA GOAT BUS STOP
N,Y,STOP,,1796,22.618713,88.421108,NARENDRA NATH RD.
N,Y,STOP,,1797,22.620168,88.413452,SHATGACHI
N,Y,STOP,,1798,22.592273,88.356621,JORABAGAN
N,Y,STOP,,1799,22.593139,88.353015,NIMTALA GHAT
N,Y,STOP,,1800,22.585982,88.355193,KALAKAR STREET
N,Y,STOP,,1801,22.594719,88.357194,AHIRITOLA
N,Y,STOP,,1802,22.640844,88.394172,NOAPARA METRO STATION
N,Y,STOP,,1803,22.643511,88.399545,PRAMOD NAGAR BAZAR
N,Y,STOP,,1804,22.641184,88.409271,NATUN BAZAR (CANTONMENT)
N,Y,STOP,,1805,22.640421,88.413734, CANTONMENT 2 NO. RAIL GATE
N,Y,STOP,,1806,22.640515,88.399158,NOAPARA  METRO CARSHED
N,Y,STOP,,1807,22.580978,88.445856,EASTERN CLUB ( NEWTOWN )
N,Y,STOP,,1809,22.527819,88.387622,PICNIC GARDEN / 39 BUS STAND
N,Y,STOP,,1810,22.572776,88.387344,B.C. ROY CHILDREN HOSPITAL
N,Y,STOP,,1811,22.586636,88.431171,WATER TANK NO. 8 (SALT LAKE)
N,Y,STOP,,1812,22.488375,88.345071,NANU BABUR BAZAR
N,Y,STOP,,1813,22.603817,88.368038,BAGBAZAR 
N,Y,STOP,,1815,22.528892,88.379097,KUSTIA RD & PICNIC GARDEN RD XING
N,Y,STOP,,1816,22.478553,88.355743,GACHTALA
N,Y,STOP,,1818,22.485519,88.366926,REGENT ESTATE
N,Y,STOP,,1819,22.485383,88.361092,BIJOYGARH
N,Y,STOP,,1822,22.554523,88.245714,BADARTALA
N,Y,STOP,,1823,22.552039,88.263064,BADARTALA P.O.
N,Y,STOP,,1824,22.723865,88.386793,RAHARA BAZAR
N,Y,STOP,,1825,22.724295,88.378059,KHARDAH STATION
N,Y,STOP,,1833,22.635945,88.440628,MANGALAM VIDYA NIKETAN
N,Y,STOP,,1834,22.633234,88.447652,DASHADRONE
N,Y,STOP,,1835,22.637493,88.450647,GOPALPUR HOUSE
N,Y,STOP,,1839,22.465902,88.140213,PUJALI CESC PLANT
N,Y,STOP,,1841,22.639568,88.473864,MANIKHOLA
N,Y,STOP,,1843,22.620626,88.497411,NOLPUR
N,Y,STOP,,1844,22.616451,88.501809,BISHNUPUR (RAJARHAT)
N,Y,STOP,,1845,22.610317,88.513867,LAUHATI
N,Y,STOP,,1859,22.661757,88.413632,BIRATI HOUSING/237 BUS TERMINUS
N,Y,STOP,,1860,22.662524,88.417279,PATHANPUR
N,Y,STOP,,1861,22.663481,88.422488,BIRATI COLLEGE
N,Y,STOP,,1862,22.606994,88.521241,KANCHKOL
N,Y,STOP,,1864,22.586116,88.562413,POLERHAT BAZAR (BHANGORE RD)
N,Y,STOP,,1865,22.566897,88.592505,KASHIPUR PS (BHANGORE RD)
N,Y,STOP,,1867,22.517717,88.612921,BHANGORE II POST OFFICE
N,Y,STOP,,1868,22.524515,88.608743,BHANGORE BAZAR
N,Y,STOP,,1869,22.599823,88.528594,SHIKARPUR (BHANGORE RD)
N,Y,STOP,,1874,22.632827,88.474401,RAIGACHI BATTALA
N,Y,STOP,,1875,22.626738,88.488922,CHOWMATHA (RAJARHAT)
N,Y,STOP,,1876,22.631883,88.484373,RAJARHAT THANA
N,Y,STOP,,1877,22.633681,88.461845,DEROZIO MEMORIAL COLLEGE
N,Y,STOP,,1878,22.610238,88.523202,CHANDPUR
N,Y,STOP,,1879,22.607791,88.530991,LASKARHATI
N,Y,STOP,,1880,22.607851,88.544591,SHRIKRISHNAPUR
N,Y,STOP,,1881,22.601088,88.571186,DHIBDHIBI MORE
N,Y,STOP,,1882,22.595792,88.583323,SHYAMNAGAR (HAROA RD)
N,Y,STOP,,1883,22.598207,88.605011,ANANDA PALLY
N,Y,STOP,,1884,22.601287,88.612489,NAZERPUR
N,Y,STOP,,1885,22.603179,88.622241,PAIRAGACHA MORE
N,Y,STOP,,1886,22.606675,88.644853,MAZAMPUR
N,Y,STOP,,1887,22.605723,88.663405,ADAMPUR
N,Y,STOP,,1888,22.606095,88.654151,CHANDNI BAZAR
N,Y,STOP,,1889,22.602328,88.673228,HAROA MORE
N,Y,STOP,,1890,22.603596,88.676448,HAROA BRIDGE
N,Y,STOP,,1891,22.608896,88.680555,HAROA
N,Y,STOP,,1892,22.533991,88.364638,GURUSADAY DUTTA RD. XING
N,Y,STOP,,1901,22.557095,88.301044,B. GARDEN (SHIBPUR)
N,Y,STOP,,1906,22.763945,88.359082,NORTH GATE
N,Y,STOP,,1907,22.767403,88.347081,DHOBI GHAT
N,Y,STOP,,1909,22.768368,88.344182,BKP COURT
N,Y,STOP,,1910,22.511341,88.345858,MUDIALI  ( PSC OFFICE )
N,Y,STOP,,1912,22.529073,88.345429,ATM RD & RAMESH MITRA RD XING
N,Y,STOP,,1913,22.528536,88.352794,LANSDOWN MARKET
N,Y,STOP,,1914,22.579895,88.428771,SALT LAKE DEPOT
N,Y,STOP,,1916,22.605487,88.384556,BELGACHIA TRAM DEPOT
N,Y,STOP,,1917,22.565095,88.349479,ESPLANADE (WBTC TRAM STAND)
N,Y,STOP,,1918,22.651714,88.368028,TANTIPARA
N,Y,STOP,,1943,22.590727,88.414381,SECH BHAVAN
N,Y,STOP,,1957,22.469975,88.164563,KALIPUR BUS STAND
N,Y,STOP,,1966,21.926445,88.367839,HOSPITAL MORE (GURUDASPUR)
N,Y,STOP,,1968,22.713856,88.505096,BARASAT KAZIPARA BUS DEPOT
N,Y,STOP,,1971,21.975785,88.372383,MILAN MORE
N,Y,STOP,,1972,22.107198,88.310942,POLERHAT MORE
N,Y,STOP,,1975,23.776968,88.280611,PLASSEY
N,Y,STOP,,1976,23.794879,88.451106,PALASHIPARA
N,Y,STOP,,1977,23.385239,88.489448,PALPARA MORE (KRISHNANAGAR)
N,Y,STOP,,1979,22.649357,88.191794,RAJAPUR DAKSHINBARI
N,Y,STOP,,1981,22.659438,88.112343,PANTIHAL
N,Y,STOP,,1982,22.655849,88.092086,MUNSHIRHAT
N,Y,STOP,,1985,22.619267,88.348227,LILUAH STN. RD.
N,Y,STOP,,1986,22.628397,88.351218,BELUR BAZAR
N,Y,STOP,,1988,22.462257,88.131217,ACHIPUR
N,Y,STOP,,1989,22.665219,88.342651,UTTARPARA STN.
N,Y,STOP,,1990,22.660804,88.349614,UTTARPARA BAZAR
N,Y,STOP,,1991,22.672714,88.350987,UTTARPARA FERRY GHAT
N,Y,STOP,,1992,22.745812,88.520012,BAMUNGACHI STATION ROAD (BARASAT)
N,Y,STOP,,1993,22.76077,88.547961,DUTTAPUKUR
N,Y,STOP,,1994,22.776032,88.568557,JOYPUL
N,Y,STOP,,1995,22.781794,88.575076,BIRA
N,Y,STOP,,1996,22.806583,88.610494,GUMA
N,Y,STOP,,1997,22.794527,88.592236,LAKSHMIPUL
N,Y,STOP,,1998,22.834788,88.638285,ASHOKNAGAR
N,Y,STOP,,1999,22.844408,88.659937,NAGAR UKHRA MORE (HABRA)
N,Y,STOP,,2000,22.49105,88.403562,MUKUNDAPUR BUS STAND
N,Y,STOP,,2001,22.523997,88.247692,AKRA BAZAR
N,Y,STOP,,2002,22.665824,88.367684,ARIADAHA KALACHAND HIGH SCHOOL
N,Y,STOP,,2003,22.659136,88.364446,ADYAPITH
N,Y,STOP,,2004,22.712815,88.480318,BARASAT HATKHOLA
N,Y,STOP,,2005,22.535628,88.346122,D N MITRA SQUARE (GANJA PARK)
N,Y,STOP,,2006,22.523592,88.341518,KALIGHAT  ROAD XING
N,Y,STOP,,2007,22.578853,88.331134,SANDHYA BAZAR
N,Y,STOP,,2008,22.567927,88.324128,SHIBPUR TRAM DEPOT
N,Y,STOP,,2009,22.572478,88.327646,SHIBPUR P.S
N,Y,STOP,,2014,22.635046,88.219943,DOMJUR BANISHREE CINEMA
N,Y,STOP,,2015,22.645863,88.241991,DAFAR PUR/DHARAM TALA
N,Y,STOP,,2019,22.924646,88.776705,THAKURNAGAR
N,Y,STOP,,2021,22.584371,88.307758,NATUN RASTA
N,Y,STOP,,2022,22.587522,88.3028,RAMRAJATOLA
N,Y,STOP,,2023,22.594895,88.314552,SHANPUR MORE
N,Y,STOP,,2024,22.603325,88.332359,BAMANGACHI (HOWRAH)
N,Y,STOP,,2026,22.593862,88.331594,KATPOOL
N,Y,STOP,,2027,22.584707,88.334255,FASITOLA MORE/HOWRAH MAIDAN
N,Y,STOP,,2042,22.613571,88.275083,KOLKATA WEST INTERNATIONAL CITY
N,Y,STOP,,2043,22.60596,88.24505,ANKURHATI
N,Y,STOP,,2044,22.599996,88.230671,SWARASWATI BRIDGE
N,Y,STOP,,2045,22.591563,88.319984,KADAMTALA
N,Y,STOP,,2046,22.592436,88.312956,ICHAPUR WATER TANK
N,Y,STOP,,2047,22.598475,88.309117,DAS NAGAR
N,Y,STOP,,2048,22.604462,88.294558,BALTIKURI QTR
N,Y,STOP,,2051,22.613612,88.271383,SALAP BRIDGE
N,Y,STOP,,2054,22.587499,88.17925,DHULAGAR BAZAR
N,Y,STOP,,2056,22.589863,88.16836,GOLA BARI 
N,Y,STOP,,2057,22.592062,88.156915,KALITOLA 
N,Y,STOP,,2058,22.593275,88.154704,LAIBARY MORE 
N,Y,STOP,,2059,22.596777,88.144223,JUJARSHA
N,Y,STOP,,2060,22.599058,88.131517,BAGANGORA
N,Y,STOP,,2061,22.600079,88.129723,KOUTOPOTA
N,Y,STOP,,2062,22.599732,88.120448,AKOBBORPUR
N,Y,STOP,,2063,22.598879,88.110691,FATICKGACHI
N,Y,STOP,,2064,22.466319,87.958444,MANKUR MORE
N,Y,STOP,,2065,22.489037,87.932822,GODI
N,Y,STOP,,2066,22.500758,87.915035,KALYANPUR
N,Y,STOP,,2067,22.519624,87.90374,DMV BUS STOP
N,Y,STOP,,2068,22.52224,87.903713,KAJIBERIA
N,Y,STOP,,2069,22.562059,88.306198,BAKSHI
N,Y,STOP,,2070,22.589067,88.26859,GARFA
N,Y,STOP,,2071,22.656273,88.34804,UTTARPARA COLLEGE
N,Y,STOP,,2072,22.348239,88.439376,SHOW HOUSE CINEMA HALL
N,Y,STOP,,2074,22.400437,88.489989,CHAMPAHATI MORE
N,Y,STOP,,2075,22.400281,88.475783,SOUTH GARIA
N,Y,STOP,,2076,22.409748,88.43518,SUBHAS GRAM
N,Y,STOP,,2078,22.418745,88.413883,CHOWHATI MORE
N,Y,STOP,,2079,22.420753,88.412378,GAZIPUR MORE
N,Y,STOP,,2080,22.422008,88.411085,RAJPUR PHARI
N,Y,STOP,,2081,22.422933,88.410197,RAJPUR BAZAR
N,Y,STOP,,2082,22.431978,88.402789,DABUR GATE
N,Y,STOP,,2084,22.447334,88.391953,KAMALGACHI MORE
N,Y,STOP,,2085,22.450385,88.390151,PRATAP GARH
N,Y,STOP,,2086,22.454607,88.387269,MAHAMAYA TOLA
N,Y,STOP,,2088,22.653928,88.37687,DUNLOP BRIDGE
N,Y,STOP,,2090,22.562059,88.306198,COLLEGE GHAT
N,Y,STOP,,2091,22.564169,88.298824,AMTALA PHARI
N,Y,STOP,,2092,22.563085,88.296576,DANESH SHEIKH LANE
N,Y,STOP,,2093,22.564069,88.2875,BAKUL TALA
N,Y,STOP,,2094,22.556985,88.28197,NAZIR GANGE
N,Y,STOP,,2095,22.56073,88.269525,PODRA
N,Y,STOP,,2096,22.563135,88.227622,CHAPA TOLA
N,Y,STOP,,2097,22.568245,88.216061,SANKRAIL STN.
N,Y,STOP,,2098,22.570038,88.219482,BHARAT CO-OPERATIVE
N,Y,STOP,,2113,22.772755,88.047327,ANTPUR
N,Y,STOP,,2116,22.56558,88.281354,HANSKHALI
N,Y,STOP,,2117,22.570666,88.278497,CHANDMARI
N,Y,STOP,,2119,22.742925,88.350242,BIG BAZAR-SREERAMPORE
N,Y,STOP,,2120,22.722436,88.354374,JAYANTI CINEMA / BIDHAN CHANDRA COLLEGE
N,Y,STOP,,2121,22.688309,88.356474,HIND MOTOR DHARMATALA LANE
N,Y,STOP,,2124,22.567208,88.272996,PODRA ANDUL ROAD
N,Y,STOP,,2125,22.567699,88.27047,WEST BANK
N,Y,STOP,,2126,22.568081,88.268082,CHUNAVATI
N,Y,STOP,,2127,22.570265,88.265854,INDIAN OIL (MOURIGRAM)
N,Y,STOP,,2128,22.575101,88.261388,NIMTALA ANDUL ROAD
N,Y,STOP,,2130,22.57977,88.254328,MOURI STN
N,Y,STOP,,2131,22.582808,88.250095,PAKURTALA
N,Y,STOP,,2132,22.584687,88.243149,ANDUL STATION ROAD
N,Y,STOP,,2135,22.585529,88.236076,ANDUL BUS STOP
N,Y,STOP,,2136,22.585633,88.230038,ARGORI
N,Y,STOP,,2137,22.58474,88.214768,ALUMPUR
N,Y,STOP,,2139,22.622395,88.322471,BHATTANAGAR
N,Y,STOP,,2140,22.566376,88.254143,PANCHPARA GRAM PANCHAYAT
N,Y,STOP,,2141,22.564678,88.235483,SHITLA TOLA
N,Y,STOP,,2146,22.607892,88.263178,LAL BARI
N,Y,STOP,,2147,22.612568,88.270472,SALAP MORE
N,Y,STOP,,2148,22.614718,88.268035,SALAP BAZAR
N,Y,STOP,,2149,22.616485,88.254359,KATALIA
N,Y,STOP,,2150,22.617837,88.24412,MAKARDHA
N,Y,STOP,,2151,22.62453,88.236922,DPS SCHOOL
N,Y,STOP,,2154,22.631776,88.225939,FOKOR DOKAN
N,Y,STOP,,2155,22.634156,88.220856,DOMJUR BUS STAND/PS
N,Y,STOP,,2156,22.648947,88.192471,DAKSHIN BARI
N,Y,STOP,,2157,22.662385,88.143746,BARGACHIA DHARMATOLA
N,Y,STOP,,2158,22.667253,88.13311,BARGACHIA BUS STAND
N,Y,STOP,,2159,22.668031,88.129368,LEVEL CROSSING
N,Y,STOP,,2163,22.652576,88.086159,PERO
N,Y,STOP,,2164,22.666577,88.006106,KHILA
N,Y,STOP,,2165,22.678236,88.002572,JOYNAGAR
N,Y,STOP,,2167,22.720559,87.982354,UDAYNARANPUR
N,Y,STOP,,2170,22.816121,88.857471,SWARUP NAGAR B.D. OFFICE
N,Y,STOP,,2176,22.472865,88.087857,ULUBERIA STATION
N,Y,STOP,,2177,22.468092,88.104144,ULUBERIA GORUHATA
N,Y,STOP,,2178,22.467961,88.109092,ULUBERIA COURT
N,Y,STOP,,2179,22.468427,88.110319,ULUBERIA BUS STAND
N,Y,STOP,,2180,22.478704,88.09517,NIMDIGHI
N,Y,STOP,,2186,22.409758,87.861102,MECHADA
N,Y,STOP,,2187,22.133202,87.889073,NORGHAT
N,Y,STOP,,2189,21.707254,87.654463,CHOWALKHOLA
N,Y,STOP,,2190,22.512448,88.777459,CHAITALGHAT
N,Y,STOP,,2191,22.512448,88.777459,CHAITAL GHAT
N,Y,STOP,,2192,22.420122,88.662509,JIBANTOLLA
N,Y,STOP,,2193,22.562568,88.322932,AVANI MALL
N,Y,STOP,,2194,22.587428,88.872583,KUMARPUKUR
N,Y,STOP,,2195,22.580937,88.907542,TAKI
N,Y,STOP,,2198,22.8031,88.370248,ICHHAPORE RIFLE FACTORY
N,Y,STOP,,2201,22.651653,88.27014,BALUHATI
N,Y,STOP,,2202,22.492737,88.588543,BORALIGHAT
N,Y,STOP,,2204,22.500749,88.607692,B.D.O OFFICE (GHATAKPUKUR)
N,Y,STOP,,2206,22.511282,88.616119,BHANGAR BUS STAND
N,Y,STOP,,2207,22.637918,88.294628,CHAMRAIL
N,Y,STOP,,2208,22.842003,88.647516,MANASA BARI
N,Y,STOP,,2209,22.844633,88.640819,NALANDA
N,Y,STOP,,2210,22.84574,88.634331,HARIPUR
N,Y,STOP,,2211,22.847051,88.631327,KALYAN GARH
N,Y,STOP,,2214,22.848228,88.625103,KACHUA MORE
N,Y,STOP,,2216,22.619562,87.915916,JHIKHIRA
N,Y,STOP,,2217,22.842217,88.621559,SANGHATI PARK
Y,Y,JUNCTION,,2219,22.838319,88.619617,CHOWRANGEE MORE
N,Y,STOP,,2221,22.834371,88.614253,ASHOK NAGAR PS
N,Y,STOP,,2222,22.838109,88.599509,HIJLIYA MORE
N,Y,STOP,,2223,22.842686,88.582179,KAMAR PUR
N,Y,STOP,,2224,22.853879,88.550667,SURIA SCHOOL POST OFFICE
N,Y,STOP,,2226,22.869781,88.500672,DARIAPUR SCHOOL/HAT
N,Y,STOP,,2227,22.880877,88.459345,KULIYA GARH SCHOOL
N,Y,STOP,,2228,22.882812,88.441148,BORA
N,Y,STOP,,2229,22.893014,88.423935,KATGOLA
N,Y,STOP,,2231,22.889175,88.418419,NAIHATI STATION / NAIHATI MUNICIPALITY
N,Y,STOP,,2233,23.170266,88.557885,MONOROMA
N,Y,STOP,,2234,22.13624,88.083533,CHAITANYAPUR BUS STOP
N,Y,STOP,,2235,22.186722,87.977079,MAHISADAL BUS STOP
N,Y,STOP,,2236,22.269614,87.891681,NIMTOURI
N,Y,STOP,,2237,23.493738,88.45052,DHUBULIA
N,Y,STOP,,2238,23.654507,88.328878,DHUBI NAGADI
N,Y,STOP,,2239,23.688371,88.301305,DEBAGRAM
N,Y,STOP,,2240,22.468879,87.973657,BAGNAN LIBRARY MORE
N,Y,STOP,,2241,22.438137,87.973257,ANTILA KALI BARI
N,Y,STOP,,2242,22.426283,87.973845,NUNTIA
N,Y,STOP,,2243,22.382959,22.382959,NAUL
N,Y,STOP,,2244,23.175201,88.558132,PRAMANIK
Y,Y,JUNCTION,,2246,23.08155,88.544332,CHAKDAH CHOWMATHA
N,Y,STOP,,2248,22.346296,87.976543,SASATI BUS STOP
N,Y,STOP,,2252,22.318379,87.981744,BELPUKUR
N,Y,STOP,,2253,22.299825,87.986215,HOGLASI
N,Y,STOP,,2254,22.724586,88.47893,HELA BATTALA
N,Y,STOP,,2255,22.747676,88.448271,KAZI BARI (UNIVERSITY)
N,Y,STOP,,2256,22.756086,88.436927,RANGAPUR
N,Y,STOP,,2257,22.758996,88.433043,NILGUANGE
N,Y,STOP,,2258,22.761695,88.42722,SAHEB BAGAN BARASAT
N,Y,STOP,,2259,22.76368,88.411542,CHAPURIA
N,Y,STOP,,2260,22.765563,88.405625,DEBPUKUR (NILGUNJ ROAD)
N,Y,STOP,,2261,22.767453,88.388488,WIRELESS MORE
N,Y,STOP,,2263,22.760562,88.370242,BARRACKPUR STN
N,Y,JUNCTION,,2264,22.761837,88.365838,CHIRIA MORE (BARRACKPUR)
N,Y,STOP,,2265,22.767144,88.347605,DHOBI GHAT (BARRACKPUR)
N,Y,STOP,,2266,22.768361,88.344272,MISTRY GHAT
N,Y,STOP,,2267,22.505058,88.739703,JAYGRAM
N,Y,STOP,,2268,22.543589,88.799755,NAMCHI BAZAR
N,Y,STOP,,2269,22.550993,88.802335,BOKCHARA BAZAR
N,Y,STOP,,2270,22.526499,88.788627,NERULY
N,Y,STOP,,2271,22.573201,88.839414,VEBIA CHOWMATHA
N,Y,STOP,,2272,22.540699,88.846903,NOAPARA BUS STOP
N,Y,STOP,,2273,22.475415,88.847614,METIAKHALI BAZAR
N,Y,STOP,,2274,22.536083,88.845204,RAY BARI
N,Y,STOP,,2275,22.500503,88.835935,DASHIN AKHRATALA
N,Y,STOP,,2276,22.491176,88.840397,DUKHIRAMPOOL
N,Y,STOP,,2277,22.446457,88.853085,BOYERMARI
N,Y,STOP,,2278,22.438583,88.852718,NAZAT BUS STAND
N,Y,STOP,,2280,22.697454,88.389199,AMRABATI
N,Y,STOP,,2283,22.908406,88.710079,GOPALPUR (JALESWAR)
N,Y,STOP,,2284,22.888592,88.692843,KALASIMA BAZAR
N,Y,STOP,,2287,22.694711,88.374991,DHANKAL
N,Y,STOP,,2289,22.897289,88.699633,DHARAMPUR BAZAR
N,Y,STOP,,2291,22.698874,88.288735,DANKUNI TOLL PLAZA
N,Y,STOP,,2292,22.859414,88.67338,CHONGDA MORE
N,Y,STOP,,2293,22.825139,88.626231,ASHOK NAGAR STATION
N,Y,STOP,,2294,22.781805,88.575104,BIRA CHOWMATHA
N,Y,STOP,,2295,22.760821,88.548025,DUTTA PUKUR STN ROAD
N,Y,STOP,,2297,22.568799,88.013381,BAGNAN MORE
N,Y,STOP,,2298,22.582267,88.402058,KHOROP
N,Y,STOP,,2299,22.587111,87.965497,SEHAGORI
N,Y,STOP,,2300,22.595933,87.966705,THALIA
N,Y,STOP,,2301,22.61541,87.963765,SHAORABERIA MORE
N,Y,STOP,,2302,22.634786,87.967292,BIDHICHANDRAPUR
N,Y,STOP,,2303,22.65837,87.971925,GAR BHAWANIPUR
N,Y,STOP,,2304,22.565697,88.127235,DHULOR BADH
N,Y,STOP,,2305,22.565601,88.124062,GABBERIA HOSPITAL
N,Y,STOP,,2306,22.565475,88.1205,GABBERIA CHOTO POOL
N,Y,STOP,,2307,22.558222,88.086653,MANIKPIR
N,Y,STOP,,2308,22.565147,88.056503,10 NO POOL
N,Y,STOP,,2309,22.567427,88.046958,ASUT TALA
N,Y,STOP,,2310,22.569412,88.040741,SENER DANGA
N,Y,STOP,,2311,22.673742,88.317683,RAGHUNATPUR BAZAR
N,Y,STOP,,2312,22.572519,88.034332,CHAKHANA
N,Y,STOP,,2313,22.572266,88.022514,BORO POOL
N,Y,STOP,,2314,22.573353,88.016264,KALA TALA
N,Y,STOP,,2315,22.675884,88.317272,MAKHLA
N,Y,STOP,,2319,23.986884,88.739545,SHIKARPUR BUS STOP
N,Y,STOP,,2320,23.985422,88.719527,FUNKATALA
N,Y,STOP,,2322,22.703603,88.23789,KALA CHARA
N,Y,STOP,,2325,22.885295,88.612146,SENDANGA
N,Y,STOP,,2327,22.903126,88.579306,NURPUR
N,Y,STOP,,2328,22.810711,88.241453,SINGUR XING
N,Y,STOP,,2329,23.178871,88.026477,PALSIT TOLL TAX
N,Y,STOP,,2330,22.87169,88.682193,GANADIPAYAN BUS STAND
N,Y,STOP,,2331,22.879497,88.687461,KULPUKUR MANDIR
N,Y,STOP,,2334,22.900581,88.702117,DHARAMPUR HOSPITAL
N,Y,STOP,,2335,22.917651,88.720334,JALESHWAR MORE
N,Y,STOP,,2336,22.934317,88.735733,GAIGHATA PS
N,Y,STOP,,2337,22.948773,88.751147,NAHATA MORE
N,Y,STOP,,2338,22.959116,88.765075,BAK CHARA
N,Y,STOP,,2340,22.748473,88.130766,FURFURA SHARIF
N,Y,STOP,,2341,22.990207,88.703846,NAHATA
N,Y,STOP,,2342,23.917521,87.52171,SURI SP MORE
N,Y,STOP,,2343,23.991027,87.571718,MOHAMMAD BAZAR
N,Y,STOP,,2344,24.115823,87.797861,TARAPITH
N,Y,STOP,,2345,24.075441,87.730245,MALLARPUR
N,Y,STOP,,2346,22.727184,88.475722,KALIBARI BARASART
N,Y,STOP,,2347,22.736585,88.463096,LOKNATH MANDIR BARASAT
N,Y,STOP,,2348,22.747628,88.448326,KAZIBARI  BARASAT
N,Y,STOP,,2349,22.740916,88.435163,SBIHM SCHOOL HOTEL MAGAMENT
N,Y,STOP,,2350,22.740916,88.435163,NARAYANPUR MORE
N,Y,STOP,,2351,22.739319,88.437855,BARASAT STATE UNIVERSITY
N,Y,STOP,,2352,22.965022,88.104597,DHANIAKHALI BUS STOP
N,Y,STOP,,2356,22.491655,88.760187,MOTH BARI
N,Y,STOP,,2357,22.434238,88.763484,BOYERMARI DHAMAKHALI
N,Y,STOP,,2358,22.420903,88.774826,KANMARI
N,Y,STOP,,2359,22.372388,88.784361,SORBERIA
N,Y,STOP,,2360,22.373586,88.828094,RAMPUR BUS STAND
N,Y,STOP,,2361,22.36256,88.861665,ARSADMIYA GHAT
N,Y,STOP,,2362,22.357265,88.874491,DHAMAKHALI BUS STAND
N,Y,STOP,,2363,23.012314,87.5935,KOTULPUR
N,Y,STOP,,2364,23.067453,87.317117,BISHNUPUR BUS STAND (BANKURA)
N,Y,STOP,,2365,22.353412,88.435881,BARUIPUR STAND
N,Y,STOP,,2366,22.344443,88.443056,BARUIPUR SAHAPARA
N,Y,STOP,,2367,22.332156,88.449091,RANA BELIAGATA
N,Y,STOP,,2368,22.301157,88.464829,SURJAPUR
N,Y,STOP,,2371,22.28773,88.420046,BANSUNDARIA
N,Y,STOP,,2372,22.288438,88.414703,MULTI POST OFFICE
N,Y,STOP,,2373,22.294521,88.379122,ALIDA
N,Y,STOP,,2375,22.299564,88.347085,MAGURPUKUR BRIDGE
N,Y,STOP,,2376,22.314793,88.325904,AMRATALA
N,Y,STOP,,2377,22.31597,88.305948,SHERPUR
N,Y,STOP,,2378,22.410418,88.281226,BHASA 14 NO.
N,Y,STOP,,2379,22.326021,88.267218,SERAKOL
N,Y,STOP,,2380,22.636434,88.452871,KALI PARK
N,Y,STOP,,2381,22.644979,88.462058,NARAYANPUR (RAJARHAT)
N,Y,STOP,,2383,22.60127,88.63122,DHANPOTA BAZAR
N,Y,STOP,,2384,22.682907,88.812351,KHOLAPOTA
N,Y,STOP,,2385,22.666263,88.871328,SANGRAMPUR
N,Y,STOP,,2386,22.683224,88.303837,COAL INDIA/MOTHER DAIRY
N,Y,STOP,,2387,22.696585,88.297144,PAR DANKUNI
N,Y,STOP,,2388,22.787803,88.323003,BAIDYABATI CHOWMATHA
N,Y,STOP,,2389,22.791871,88.330688,BAIDYABATI RAILGATE BUS STOP
N,Y,STOP,,2390,22.792039,88.335634,JORA ASHATTALA BUS STOP
N,Y,STOP,,2391,22.799995,88.348633,CHAMPDANI GHAT BUS STOP
N,Y,STOP,,2392,22.826604,88.353986,BHADRESWAR
N,Y,STOP,,2394,22.839858,88.360842,BARASAT GATE (MANKUNDU)
N,Y,STOP,,2395,22.845057,88.361984,MANKUNDU (JOYTI MORE)
N,Y,STOP,,2396,22.863393,88.367795,CHANDANNAGAR
N,Y,STOP,,2397,22.866278,88.369258,HOSPITAL MORE
N,Y,STOP,,2398,22.879335,88.378994,TALDANGA
N,Y,STOP,,2399,22.888226,88.380479,KHADINA MORE
N,Y,STOP,,2400,22.888058,88.399347,CHINSURA COURT
N,Y,STOP,,2401,22.806618,88.610633,GUMA CHOWMATHA
N,Y,STOP,,2402,22.825205,88.626267,ASHOKNAGAR BUILDING MORE
N,Y,STOP,,2403,22.742429,88.513688,BAMONGACHI (JESSORE ROAD)
N,Y,STOP,,2405,23.444527,88.404505,BAMANPUKUR
N,Y,STOP,,2406,22.971493,88.781823,CHANDPARA BAZAR
N,Y,STOP,,2408,23.170097,88.849387,ASHARU
N,Y,STOP,,2409,23.037202,88.827175,BANGAON STATION
N,Y,STOP,,2411,23.140192,88.818619,GANRAPOTA
Y,Y,JUNCTION,,2412,23.397309,88.47673,PANTHATIRTHA
N,Y,STOP,,2413,22.686537,88.106659,JAGAT BALLAVPUR
N,Y,STOP,,2414,22.701259,88.097107,SITAPUR
N,Y,STOP,,2415,22.720412,88.088397,PRASADPUR (JANGIPARA)
N,Y,STOP,,2416,22.722164,88.081912,MOHON BATI
N,Y,STOP,,2417,23.434795,88.467555,BAHADURPUR
N,Y,STOP,,2418,22.745532,88.053707,JANGIPARA BUS STAND
N,Y,STOP,,2419,23.062444,88.831038,SUTIYA ROAD BUS STATION
N,Y,STOP,,2420,22.878173,88.650181,KAJLA
N,Y,STOP,,2421,22.896012,88.648432,JHIKARA BAZAR
N,Y,STOP,,2422,22.886147,88.646923,DIGHALGRAM
N,Y,STOP,,2423,22.928607,88.64261,HAPANIYA
N,Y,STOP,,2425,23.107631,88.816385,CHANDA BAZAR (BANGAON)
N,Y,STOP,,2426,22.94176,88.634283,NAGARUKRA BUS STAND
N,Y,STOP,,2428,23.21215,88.888385,BAGDA
N,Y,STOP,,2429,23.186973,88.856997,HALENCHA
N,Y,STOP,,2430,23.015122,88.809466,KALUPUR BAZAR
N,Y,STOP,,2433,22.842436,88.657511,HABRA RAILWAY STN
N,Y,STOP,,2434,22.680961,88.287995,DANKUNI STN
N,Y,STOP,,2435,22.690279,88.26517,CHANDITALA CHOWMATHA
N,Y,STOP,,2436,22.709687,88.229103,KUMIR MORA
N,Y,STOP,,2440,22.317688,88.265843,SHIRAKOL
N,Y,STOP,,2444,21.970855,88.204505,KSHIRISHTALA
N,Y,STOP,,2446,22.255127,88.190108,SARISHA
N,Y,STOP,,2448,21.988328,88.215212,NISCHINTIPUR
N,Y,STOP,,2449,21.904171,88.186832,NOTUN RASTHA BUS STOP
N,Y,STOP,,2450,21.563219,88.268167,BAKKHALI
N,Y,STOP,,2451,22.732805,88.771565,ISWARI GACHA
N,Y,STOP,,2452,22.73197,88.764517,BANSTALA
N,Y,STOP,,2453,22.734718,88.753574,GOKNA
N,Y,STOP,,2454,22.734973,88.74461,JADURHATI MORE
N,Y,STOP,,2455,22.735182,88.73914,PURTAN HAT
N,Y,STOP,,2457,22.727087,88.72327,KHASHPUR
N,Y,STOP,,2458,22.700687,88.698985,KAUKEPARA BATTALA
N,Y,STOP,,2459,22.698693,88.697424,SAHIDULLA COLLEGE
N,Y,STOP,,2462,22.687328,88.653886,DEGENGA BAZAR
N,Y,STOP,,2463,22.694596,88.642991,DEGENGA PS.
N,Y,STOP,,2464,22.697875,88.638151,KARTIKPUR
N,Y,STOP,,2465,22.702596,88.574744,GOLABARI
N,Y,STOP,,2466,23.037759,88.876883,PETRAPOLE
N,Y,STOP,,2467,22.842855,88.963,HAKIMPUR BUS STOP
N,Y,STOP,,2468,22.847684,88.932822,BITHARI
N,Y,STOP,,2470,22.800843,88.856178,HATHATGANJ
N,Y,STOP,,2471,22.712169,88.513879,BAMONMURA
N,Y,STOP,,2473,22.848251,88.567242,ISWARIGACHA
N,Y,STOP,,2474,22.734584,88.481577,MOYNAHAT NOAPARA
N,Y,STOP,,2475,22.771526,88.495446,MIRHATI BUS STOP
N,Y,STOP,,2476,22.775955,88.500025,SANTASPUR (DUTTAPUKUR)
N,Y,STOP,,2477,22.779402,88.502057,KAMDEVPUR
N,Y,STOP,,2478,22.794625,88.505018,KHALIA
N,Y,STOP,,2480,22.828992,88.51987,RAHANA
N,Y,STOP,,2482,22.867376,88.532575,ADHATA
N,Y,STOP,,2483,22.883928,88.536562,KANCHIARA
N,Y,STOP,,2485,22.924482,88.540884,RAJBERIA
N,Y,STOP,,2488,22.945767,88.544354,JAGULI PETROL PUMP
N,Y,STOP,,2489,22.94372,88.533395,BCKV BUS STOP
N,Y,STOP,,2490,22.940176,88.523648,MOHANPUR BUS STOP
N,Y,STOP,,2491,22.931812,88.496347,ROY GATE
N,Y,STOP,,2492,22.929574,88.475914,DHANKAL BUS STAND
N,Y,STOP,,2493,22.933108,88.457379,KAMPA MORE
N,Y,STOP,,2494,22.939245,88.449586,KANCHRAPARA
N,Y,STOP,,2495,22.753901,88.489146,ALGARIA
N,Y,STOP,,2496,22.743619,88.790812,KANKRASUTI
N,Y,STOP,,2497,22.794431,88.831696,RAMCHANDRAPUR (BADURIA)
N,Y,STOP,,2498,22.786868,88.853078,TENTULIA BRIDGE
N,Y,STOP,,2499,22.761159,88.856097,BABU RASTA MORE
N,Y,STOP,,2500,22.752434,88.864627,ATURIA BAZAR
N,Y,STOP,,2501,22.759931,88.882078,BARA BANKRA BRIDGE
N,Y,STOP,,2502,22.761015,88.889356,BARA BANKRA HOSPITAL MORE
N,Y,STOP,,2503,22.767291,88.902541,KAIJURI SCHOOL
N,Y,STOP,,2504,22.769165,88.906706,KAIJURI BAZAR
N,Y,STOP,,2505,22.770702,88.345378,BARRACKPORE COURT
N,Y,STOP,,2506,22.698215,88.598126,KACHKOL
N,Y,STOP,,2507,22.695887,88.688401,BERACHAMPA CHOWMATHA
N,Y,STOP,,2508,22.692628,88.702409,KAUKEPARA TAKI RD
N,Y,STOP,,2509,22.739318,88.437881,KINGSTON LAW COLLEGE
N,Y,STOP,,2510,22.690328,88.730314,SWARUPNAGAR TAKI RD
N,Y,STOP,,2511,22.691985,88.750004,NEHALPUR TAKI RD
N,Y,STOP,,2512,22.680215,88.778759,BENKI TAKI RD
N,Y,STOP,,2513,22.674688,88.793887,GOPALPUR MORE TAKI RD
N,Y,STOP,,2514,22.682464,88.827831,RAGHUNATHPUR TAKI RD
N,Y,STOP,,2516,22.679371,88.837526,HARISHPUR TAKI RD
N,Y,STOP,,2517,22.670968,88.847749,BASIRHAT COLLEGE BUS STAND
N,Y,STOP,,2518,22.663126,88.858868,BASIRHAT POLICE STATION
N,Y,STOP,,2520,22.48373,88.607749,JAGULGACHI MORE
N,Y,STOP,,2521,22.462448,88.606404,NIMTALA BAZAR (GHATAKPUKUR)
N,Y,STOP,,2522,22.45121,88.609715,BODRA BUS STAND
N,Y,STOP,,2523,22.447519,88.6031,KALITALA (JIBANTOLLA)
N,Y,STOP,,2524,22.429649,88.632685,BABGIYA VIKASH BANK
N,Y,STOP,,2534,22.804104,88.04943,HAZRA MORE (CHAMPADANGA)
N,Y,STOP,,2535,22.803913,88.035077,BASURI POST OFFICE
N,Y,STOP,,2536,22.809856,88.014517,AYMAPAHAR PUR SCHOOL
N,Y,STOP,,2537,22.827557,87.991865,SIDDHESWARI KALI MANDIR
N,Y,STOP,,2538,22.809191,88.017889,PIYA SARAH
N,Y,STOP,,2539,22.839686,87.961216,SAMANTA ROAD
N,Y,STOP,,2540,22.768807,87.89767,HELAN
N,Y,STOP,,2541,22.72588,87.867148,RADHA NAGAR
N,Y,STOP,,2542,22.730936,87.869916,PNACHUIKHANA
N,Y,STOP,,2543,22.593423,88.473524,POLICE PHARI
N,Y,STOP,,2544,23.423256,88.388318,MAYAPUR (NADIA)
N,Y,STOP,,2545,22.01262,87.973611,NANDIGRAM BUS STOP
N,Y,STOP,,2546,22.023929,88.301164,DHOLA BUS STOP
N,Y,STOP,,2547,21.855639,88.37229,GANJER BAZAR
N,Y,STOP,,2548,21.818863,88.37505,DHRUBABAZAR
N,Y,STOP,,2549,21.799977,88.370816,RAMGANGA BUS STOP
N,Y,STOP,,2550,22.292917,88.270299,BAGARIA
N,Y,STOP,,2551,22.28367,88.271809,SRICHANDA
N,Y,STOP,,2552,22.237936,88.272606,USTI
N,Y,STOP,,2559,22.340668,88.446759,KIRTONKHOLA SASHAN BAZAR
N,Y,STOP,,2560,22.225831,88.448035,DAKSHIN BARASAT
N,Y,STOP,,2561,22.186628,88.431674,UTTAR DURGAPUR
N,Y,STOP,,2564,22.169828,88.415096,JAYNAGAR
N,Y,STOP,,2567,22.593763,88.342216,GHASHGBAGAN DEPOT
N,Y,STOP,,2568,22.593334,88.344482,GOLABARI PS
N,Y,STOP,,2569,22.598151,88.318386,TIKIAPARA (Chatterjee Para)
N,Y,STOP,,2572,21.678387,87.563277,RAMNAGAR (DIGHA)
N,Y,STOP,,2573,21.678027,87.596925,BALISAI  (DIGHA)
N,Y,STOP,,2574,21.723655,87.664942,PICHABONI
N,Y,STOP,,2575,21.884395,87.759352,NACHINDA
N,Y,STOP,,2576,21.968273,87.803675,HERIA
N,Y,STOP,,2577,22.024707,87.822252,BAJKUL
N,Y,STOP,,2578,22.105127,87.867734,CHANDIPUR
N,Y,STOP,,2580,22.752083,88.329605,SREERAMPUR  BUS STAND
N,Y,STOP,,2582,22.658108,88.312909,BAMAN DANGA
N,Y,STOP,,2583,22.624208,88.292702,KONA BUS STAND
N,Y,STOP,,2584,21.621792,87.485548,NEW DIGHA CENTRAL BUS STAND
N,Y,STOP,,2585,21.786865,87.748684,CONTAI BYPASS
N,Y,STOP,,2586,22.34674,88.074239,58 GATE BUS STOP
N,Y,STOP,,2587,22.619942,88.342515,LILUAH FLYOVER
N,Y,STOP,,2588,22.647287,88.350473,BALLY MUNICIPAL CORPORATION
N,Y,STOP,,2589,22.576804,88.42911,TECHNO INDIA (SALT LAKE)
N,Y,STOP,,2592,23.691432,86.958604,ASANSOL (CHELIDANGA BUS STOP)
N,Y,STOP,,2594,22.427985,87.315442,MEDINIPUR CENTRAL BUS STOP
N,Y,STOP,,2602,22.394581,87.560296,DEBRA
N,Y,STOP,,2603,22.400053,87.71484,PANSKURA BAZAR BUS STOP
N,Y,STOP,,2604,22.652085,88.348522,BALLY KHAL
Y,Y,STOP,,2605,23.409987,88.498785,KRISHNANAGAR BUS STAND
N,Y,STOP,,2606,22.383746,87.387645,JAKPUR BUS STOP
N,Y,STOP,,2607,22.326384,87.244085,KALAIKUNDA
N,Y,STOP,,2608,22.33887,87.183892,KHEMASULI BUS STOP
N,Y,STOP,,2609,22.352073,87.087486,BELTOLA BUS STOP
N,Y,STOP,,2610,22.339084,87.048558,LODHASULI BUS STOP
N,Y,STOP,,2611,22.439193,86.992858,JHARGRAM CENTRAL BUS STOP
N,Y,STOP,,2613,22.561872,88.362757,TALTALA (LENIN SARANI)
N,Y,STOP,,2614,22.565697,88.313077,NABANNA
N,Y,STOP,,2615,23.528383,87.311135,DVC MORE BUS STOP (DURGAPUR)
N,Y,STOP,,2616,23.42695,87.283291,BARJORA BUS STOP
N,Y,STOP,,2617,23.318339,87.22104,BELIATORE BUS STOP
N,Y,STOP,,2618,23.238562,87.032233,BANKURA BUS STAND
N,Y,STOP,,2620,23.692475,86.827705,DISHERGARH BUS STOP
N,Y,STOP,,2621,23.649226,86.817138,SARBARI MORE BUS STOP
N,Y,STOP,,2622,23.535878,86.662297,RAGHUNATHPUR BUS STOP
N,Y,STOP,,2623,23.331402,86.361115,PURULIA BUS STAND
N,Y,STOP,,2624,22.186743,87.977082,MAHISHADAL BUS STOP
N,Y,STOP,,2625,22.076869,88.136099,DURGA CHOWK BUS STOP
N,Y,STOP,,2626,22.025245,88.056874,HALDIA TOWNSHIP BUS STAND
N,Y,STOP,,2627,22.080338,88.14099,MANJUSHREE BUS STOP
N,Y,STOP,,2628,22.052046,88.08646,RANI CHOWK BUS STOP
N,Y,STOP,,2629,22.080736,88.140777,MANJUSHREE MORE
N,Y,STOP,,2630,22.279554,87.922461,TAMLUK BUS STOP
N,Y,STOP,,2631,24.098295,88.267881,BERHAMPORE
N,Y,STOP,,2632,24.449634,88.037308,OMARPUR
N,Y,STOP,,2633,24.78026,87.916668,FARAKKA (NTPC MORE BUS STOP)
N,Y,STOP,,2634,24.822429,87.967009,18TH MILE TOLL PLAZA (FARAKKA)
N,Y,STOP,,2635,24.982436,88.135833,MALDA
N,Y,STOP,,2636,25.210794,88.192338,GAZOLE
N,Y,STOP,,2637,25.386123,88.388199,BUNIADPUR
N,Y,STOP,,2638,25.40523,88.52386,GANGARAMPUR (SOUTH DINAJPUR)
N,Y,STOP,,2639,25.323861,88.762036,PATIRAM
N,Y,STOP,,2640,25.238662,88.784382,BALURGHAT (NBSTC BUS DEPOT)
N,Y,STOP,,2643,22.560652,88.348873,KOLKATA PRESS CLUB
N,Y,STOP,,2644,23.236714,87.838034,BURDWAN (SBSTC DEPOT)
N,Y,STOP,,2645,23.264519,87.832828,NAWABHAT MORE BUS STOP (BURDWAN)
N,Y,STOP,,2646,23.267331,87.827537,NAWABHAT SBSTC BUS STAND (BURDWAN)
N,Y,STOP,,2648,22.578159,88.418999,GD BUS TERMINUS (SALTLAKE)
N,Y,STOP,,2649,22.369681,87.340772,CHOWRINGHEE MORE (KHARAGPUR)
N,Y,STOP,,2650,22.619866,88.353257,DON BOSCO BUS STOP
N,Y,STOP,,2651,22.628007,88.353797,BANGABASI MORE (BELUR)
N,Y,STOP,,2652,22.611438,88.354043,GHUSURI BUS STOP
N,Y,STOP,,2653,22.573628,88.334451,SANDHYA BAZAR CROSSING
N,Y,STOP,,2654,22.569564,88.331182,JAIN HOSPITAL
N,Y,STOP,,2655,22.561642,88.324598,SHIBPUR BURNING GHAT
N,Y,STOP,,2657,22.581645,88.335949,HOWRAH ZILLA SCHOOL
N,Y,STOP,,2658,22.610866,88.345206,SATYABALA ID HOSPITAL
N,Y,STOP,,2659,22.700481,88.358825,KONNAGAR BATA
N,Y,STOP,,2660,22.712826,88.355494,KONNAGAR BAG KHAL
N,Y,STOP,,2662,22.725243,88.352825,SANDHYA BAZAR (RISHRA)
N,Y,STOP,,2663,22.734357,88.352233,LAXMIGHAT MORE
N,Y,STOP,,2664,22.651828,88.34809,BALLY KHAL BUS TERMINUS
N,Y,STOP,,2665,22.748561,88.348348,SIRISHTALA
N,Y,STOP,,2666,22.749768,88.346631,BATTALA (SERAMPORE)
N,Y,STOP,,2667,22.751139,88.335784,BELTING BAZAR
N,Y,STOP,,2668,23.219585,87.888375,ALISHA SBSTC BUS DEPOT (BURDWAN)
N,Y,STOP,,2669,22.555389,88.411797,CHINGRIGHATA (CAPTAIN BHERY)
N,Y,STOP,,2670,22.559131,88.413851,SUKANTA NAGAR (CHINGRIGHATA)
N,Y,STOP,,2671,23.2357,87.083986,GANDHESWARI BUS STOP (BANKURA)
N,Y,STOP,,2672,23.718191,86.876188,NEAMATPUR  NEW ROAD BUS STOP
N,Y,STOP,,2673,23.610397,88.383672,BETHUADAHARI BUS STOP
N,Y,STOP,,2674,22.669825,88.302015,MAITY PARA (DANKUNI)
N,Y,STOP,,2675,22.723824,88.308946,JAGANNATHPUR
N,Y,STOP,,2677,22.757303,88.327558,NABAGRAM (NOUGA MORE)
N,Y,STOP,,2678,22.774964,88.326901,SEORAPHULI UDAYAN
N,Y,STOP,,2679,22.711261,88.302042,MIRPUR
N,Y,STOP,,2680,22.757308,88.31729,SERAMPORE SRAMAJIBI HOSPITAL (DELHI ROAD)
N,Y,STOP,,2681,22.737102,88.318111,RAJYADHARPUR
N,Y,STOP,,2682,22.810298,88.352274,GOURHATI ESI HOSPITAL
N,Y,STOP,,2683,22.518331,88.470941,BAMUNGHATA BAZAAR (GHATAK PUKUR)
N,Y,STOP,,2684,22.868795,88.373412,SARISHAPARA
N,Y,STOP,,2687,22.884515,88.389385,TOLAFATAK
N,Y,STOP,,2688,22.889551,88.391751,GOROSTHAN MORE
N,Y,STOP,,2689,22.604022,88.322134,BELGACHIA (HOWRAH)
N,Y,STOP,,2690,22.405558,88.456062,PANCHGHARA
N,Y,STOP,,2691,22.656216,88.039518,BASANTAPUR (UDAYNARAYANPUR RD.)
N,Y,STOP,,2692,22.377455,88.476935,KATAKHAL
N,Y,STOP,,2693,23.734914,88.540607,TEHATTA HOWLIA MORE
N,Y,STOP,,2694,22.392365,88.485092,CHINER MORE
N,Y,STOP,,2695,23.793633,88.491688,SHYAMNAGAR (PALASHIPARA)
N,Y,STOP,,2696,22.360189,88.466603,SITAKUNDU MORE
N,Y,STOP,,2697,22.688222,87.978584,RAJAPUR ASHRAM (UDAYNARAYANPUR RD)
N,Y,STOP,,2698,22.607648,88.283709,BANKRA MARKET
N,Y,STOP,,2699,22.781487,88.368408,PALTA
N,Y,STOP,,2700,22.807698,88.371101,ICHHAPORE METAL FACTORY
N,Y,STOP,,2701,22.828744,88.380016,SHYAMNAGAR STN
N,Y,STOP,,2702,22.826941,88.378941,SHYAMNAGAR CHOWMATHA
N,Y,STOP,,2703,22.585667,88.328618,LAKSHMAN DAS LANE BUS STOP
N,Y,STOP,,2704,22.586536,88.323216,ANNAPURNA BAYAM SAMITY
N,Y,STOP,,2705,22.587846,88.320228,POWER HOUSE (KADAMTALA)
N,Y,STOP,,2706,23.790526,87.389288,DUBRAJPUR POWER HOUSE BUS STOP
N,Y,STOP,,2707,23.98073,88.687824,ARABPUR BUS STOP
N,Y,STOP,,2709,22.565986,88.145638,BELTALA (AMTA)
N,Y,STOP,,2710,22.565917,88.137211,BASTALA (AMTA)
N,Y,STOP,,2711,22.915325,88.197042,GOBINDAPUR BUS STOP (HOOGHLY)
N,Y,STOP,,2712,23.442675,87.465563,PANAGARH BAZAR
N,Y,STOP,,2713,23.343298,87.683984,GALSI CHOWMATHA
N,Y,STOP,,2714,23.001252,88.798157,DOGACHIA
N,Y,STOP,,2715,22.929983,88.730625,GAIGHATA BAZAR
N,Y,STOP,,2716,22.849019,88.663306,HABRA WBTC DEPOT
N,Y,STOP,,2717,22.833278,88.620554,ASHOK NAGAR MATRI SADAN HOSPITAL
N,Y,STOP,,2718,22.833113,88.627591,SHERPUR KALI BARI
N,Y,STOP,,2719,22.730805,88.502548,KAZIPARA (JS. ROAD)
N,Y,STOP,,2720,22.542938,88.396212,SCIENCE CITY
N,Y,STOP,,2721,22.710769,88.706867,NAGAR KACHUA
N,Y,STOP,,2722,22.543255,88.396092,MILAN MELA (SCIENCE CITY)
N,Y,STOP,,2723,22.541864,88.398246,SCIENCE CITY MORE
N,Y,STOP,,2724,22.843658,87.866237,PANPET
N,Y,STOP,,2725,22.856059,87.855658,MAYAPUR (MUTHADANGA)
N,Y,STOP,,2726,22.885666,87.785006,ARAMBAGH HOSPITAL MORE
N,Y,STOP,,2728,22.884363,87.773041,KALIPUR BUS STAND (ARAMBAGH)
N,Y,STOP,,2729,22.508153,88.500892,KANTATALA
N,Y,STOP,,2730,22.895393,87.660477,KAMARPUKUR BUS STAND
N,Y,STOP,,2731,22.89546,87.659834,KAMARPUKUR CHATI
N,Y,STOP,,2732,22.506815,88.631687,BAMUNIA
N,Y,STOP,,2733,22.507266,88.763167,KALI TALA (MALANCHA)
N,Y,STOP,,2735,22.907874,87.652766,KAMARPUKUR (RAMKRISHNA MATH AND MISSION) LAHABAZAR
N,Y,STOP,,2736,22.951348,87.618371,DESHRA BAZAR
N,Y,STOP,,2737,23.032399,87.563788,RAIBAGHINI BUS STOP
N,Y,STOP,,2738,22.514684,88.614106,NANIR BARI BUS STOP
N,Y,STOP,,2739,22.522022,88.611256,KANTHALIA (BHANGAR)
N,Y,STOP,,2740,23.020104,87.580346,GOGRA HOSPITAL MORE
N,Y,STOP,,2741,23.03863,87.556672,BAMUNARIR MORE BUS STOP
N,Y,STOP,,2742,23.041808,87.547187,MIRJAPUR BUS STOP
N,Y,STOP,,2743,23.043875,87.536128,SAINTARA
N,Y,STOP,,2744,23.044979,87.513042,GELIA
N,Y,STOP,,2745,23.050641,87.486665,RAJAGRAM BUS STOP
N,Y,STOP,,2746,23.056192,87.45619,KUMBHASTHAL BUS STOP
N,Y,STOP,,2747,23.055857,87.440318,JOYPUR BUS STOP (BANKURA)
N,Y,STOP,,2748,23.076915,87.31879,POKA BANDH BUS STOP
N,Y,STOP,,2749,23.072978,87.348189,AMTALA MORE / MIT MORE (BISHNUPUR)
N,Y,STOP,,2750,23.063756,87.310547,JHAPOR MORE (BISHNUPUR)
N,Y,STOP,,2751,23.06001,87.31198,NEW BUS STAND BISHNUPUR (BANKURA)
N,Y,STOP,,2752,22.570579,88.349047,B.B.D BAGH (TELEPHONE BHAWAN)
N,Y,STOP,,2753,22.743308,88.788346,BADURIA BUS TERMINUS
N,Y,STOP,,2754,22.512731,88.402058,RUBY HOSPITAL
N,Y,STOP,,2755,22.513331,88.400647,RUBY (GATEWAY HOTEL)
N,Y,STOP,,2756,22.786896,87.920861,DIGRUIGHAT BUS STOP
N,Y,STOP,,2757,22.740409,87.878006,GOURANGAPUR BUS STOP
N,Y,STOP,,2758,22.744106,87.883283,ATGHARA DAS PARA BUS STOP
N,Y,STOP,,2759,22.842651,88.888611,NIRMAN
N,Y,STOP,,2760,22.838531,88.866974,SARAPUL DAK BUNGALOW MORE
N,Y,STOP,,2761,22.804406,88.812587,KEOTSHA
N,Y,STOP,,2762,22.824685,88.786033,CHANDIPUR MORE
N,Y,STOP,,2763,22.835996,88.774271,CHATRA
N,Y,STOP,,2764,22.855664,88.743983,MACHHALANDAPUR
N,Y,STOP,,2765,22.866373,88.698475,PAIRAGACHI (HABRA)
N,Y,STOP,,2766,22.868023,88.743075,NAKPUL
N,Y,STOP,,2767,22.836359,88.643172,SREE CHAITANNYA COLLEGE (HABRA)
N,Y,STOP,,2768,22.7996,88.600029,CHOTO BAMUNIA
N,Y,STOP,,2769,22.719366,88.486612,CHAMPADALI MORE
N,Y,STOP,,2770,22.722465,88.491106,BARASAT GOVT. HOSPITAL
N,Y,STOP,,2772,22.758825,87.896831,SEKENDARPUR
N,Y,STOP,,2773,22.772796,87.901778,TILAK CHAK MORE
N,Y,STOP,,2774,22.775901,87.906685,MAJPUR BUS STOP
N,Y,STOP,,2775,22.823891,87.952996,"KHEJURTALA BUS STAND (KHANAKUL, PURSURA)"
N,Y,STOP,,2776,22.720712,88.373734,KHARDAH PS
N,Y,STOP,,2777,22.645938,88.306679,SOUTH JOYPUR
N,Y,STOP,,2778,22.648905,88.282306,JAGADISHPUR (HOWRAH)
N,Y,STOP,,2779,22.689929,88.762268,MATIA BAZAR (TAKI RD)
N,Y,STOP,,2780,22.683002,88.814825,KHOLAPOTA BDO OFFICE (TAKI RD)
N,Y,STOP,,2781,22.683056,88.820876,PALPARA BUS STOP
N,Y,STOP,,2782,22.668643,88.851312,BASIRHAT TRIMOHINI
N,Y,STOP,,2783,22.623378,88.902253,MADHYAMPUR MORE
N,Y,STOP,,2784,22.582963,88.919265,TAKI CHOWRANGI MORE
N,Y,STOP,,2785,22.567554,88.910846,HASNABAD BUS STAND
N,Y,STOP,,2787,22.541041,88.366229,PARK CIRCUS WBTC TRAM DEPOT
N,Y,STOP,,2788,22.578833,88.856386,MAKHAL GACHA BUS STOP
N,Y,STOP,,2789,22.588149,88.877287,TALPUKUR BAZAR
N,Y,STOP,,2790,22.586603,88.888519,AMLANI
N,Y,STOP,,2791,22.587256,88.933473,TAKI GOVERNMENT COLLEGE BUS STOP
N,Y,STOP,,2792,22.563226,88.311971,BIBEK CHILDREN PARK
N,Y,STOP,,2793,22.928901,88.712308,JALESHWAR SHIV MANDIR
N,Y,STOP,,2795,22.606436,87.936574,JOYPUR P.S (JHIKIRA)
N,Y,STOP,,2796,22.607159,87.920355,AMORAGORI (JHIKIRA)
N,Y,STOP,,2797,22.967579,88.539229,DOLPHIN SCHOOL OF HOTEL MANAGEMENT
N,Y,STOP,,2798,22.968206,88.529135,7 NO (BASANTAPUR KALYANI)
N,Y,STOP,,2799,22.969139,88.523934,BASANTAPUR
N,Y,STOP,,2801,22.970563,88.516754,KATA BELIA
N,Y,STOP,,2802,22.972954,88.496791,"CHECK POST (RAGHUNATHPUR, KALYANI)"
N,Y,STOP,,2803,22.974312,88.486038,ANANDANAGAR BAZAR (KALYANI)
N,Y,STOP,,2804,22.976948,88.470667,KINGFISHER BEER FACTORY (KALYANI)
N,Y,STOP,,2805,22.973622,88.464267,KALYANI SILPANCHAL STATION ROAD SHIV MANDIR
N,Y,STOP,,2806,22.972533,88.463757,BATTALA (KALYANI)
N,Y,STOP,,2807,22.971506,88.466226,KALYANI BUS TERMINUS
N,Y,STOP,,2809,22.735375,88.787502,BADURIA NATUN BAZAR
N,Y,STOP,,2810,22.750199,88.794984,BATTOLA MORE BUS STOP
N,Y,STOP,,2811,22.769815,88.816182,MASIA BAZAR
N,Y,STOP,,2812,22.663373,88.872312,BASIRHAT FIRE BRIGADE
N,Y,STOP,,2813,22.663194,88.871234,BASIRHAT JAIL MORE
N,Y,STOP,,2814,22.662665,88.868477,BASIRHAT JAMRULTALA
N,Y,STOP,,2815,22.450131,88.300214,WBTC JOKA BUS DEPOT
N,Y,STOP,,2816,22.51924,88.37839,KASBA OLD POLICE STATION
N,Y,STOP,,2817,22.519149,88.380607,KASBA BAKULTALA
N,Y,STOP,,2818,22.519416,88.382536,KASBA NEW POLICE STATION (TALBAGAN)
N,Y,STOP,,2819,22.516817,88.387934,TRIBARNA SANGHA
N,Y,STOP,,2820,22.514781,88.390076,RAJDANGA NABAPALLY
N,Y,STOP,,2821,22.514337,88.393514,GITANJALI STADIUM (ACROPOLIS MALL)
N,Y,STOP,,2823,22.513888,88.397302,GST BHAWAN
N,Y,STOP,,2824,22.819181,88.514479,AMDANGA BDO OFFICE
N,Y,STOP,,2825,23.131137,88.564459,PAYRADANGA MAIN RD
N,Y,STOP,,2826,23.093771,88.546077,PALAGACHA MASJID
N,Y,STOP,,2827,22.582278,88.306671,INDOOR STADIUM (HOWRAH)
N,Y,STOP,,2828,22.587147,88.309718,P & T BUS STAND
N,Y,STOP,,2829,22.597739,88.318236,TIKIAPARA T-8 BUS STAND
N,Y,STOP,,2830,22.951203,88.146987,FEEDER ROAD BUS STOP (DHANIAKHALI)
N,Y,STOP,,2831,22.939713,88.18428,MAHESHWARPUR
N,Y,STOP,,2832,22.960542,88.122127,CHARABAGAN BUS STAND
N,Y,STOP,,2833,22.964083,88.10974,BRAMBHAN PARA BUS STOP
N,Y,STOP,,2834,22.966579,88.097841,DHANIAKHALI BUS TERMINUS
N,Y,STOP,,2835,22.766898,88.159238,CHAKTAJPUR
N,Y,STOP,,2836,22.751959,88.143258,GOPALNAGAR RAKSHA KALI TEMPLE
N,Y,STOP,,2837,22.752716,88.132604,CHOTO MOSJID
N,Y,STOP,,2838,22.750055,88.105993,BASANTAPUR (FURFURA)
N,Y,STOP,,2839,22.750633,88.082258,RASPUR (FURFURA)
N,Y,STOP,,2840,22.749207,88.060706,JANGIPARA COLLEGE
N,Y,STOP,,2841,22.502204,88.318421,BEHALA (14) NO WBTC BUS STAND
N,Y,STOP,,2842,22.576483,88.479288,TATA MEDICAL CENTER
N,Y,STOP,,2843,22.481644,88.324613,EAST PARK PURBA BARISHA
N,Y,STOP,,2844,22.483069,88.327056,BATTALA KHUDIRAM
N,Y,STOP,,2845,22.311142,87.873395,RADHAMONI BUS STOP
N,Y,STOP,,2846,22.63541,88.478592,LOTUS HOSPITAL (RAJARHAT)
N,Y,STOP,,2849,22.606577,88.553982,GAZIPUR (RAJARHAT)
N,Y,STOP,,2850,22.946153,88.583955,FATEPUR (JAGULIA RD.)
N,Y,STOP,,2851,22.948652,88.598493,DATTA PARA
N,Y,STOP,,2852,22.856585,88.655703,BANBANIA CHOWMATHA
N,Y,STOP,,2853,22.847968,88.663013,JOYGACHHI MORE (HABRA)
N,Y,STOP,,2854,22.614815,88.681283,HAROA HOSPITAL
N,Y,STOP,,2855,22.653989,88.683804,HAMADAMA
N,Y,STOP,,2856,22.662655,88.684338,HAROA STATION RD
N,Y,STOP,,2857,22.673183,88.685317,HADIPUR
N,Y,STOP,,2858,22.704828,88.415408,MOHISPOTA MORE
N,Y,STOP,,2859,22.728842,88.402608,DOPERIA
N,Y,STOP,,2860,22.755019,88.389852,RUIA BUS STOP
N,Y,STOP,,2861,22.762642,88.386802,BARRACKPORE MATH PARA
N,Y,STOP,,2862,22.747961,88.394904,BAKULTALA (KALYANI EXPY)
N,Y,STOP,,2863,22.555975,88.50228,KULBERIA WBSEDCL
N,Y,STOP,,2942,22.561042,88.285991,B. GARDEN NEW GATE
N,Y,STOP,,2943,22.563027,88.296506,DANESH  SEIKH LANE
N,Y,STOP,,2944,22.561964,88.318364,D. B. COLLEGE 
N,Y,STOP,,2945,22.406768,88.280105,BHASA
N,Y,STOP,,2946,22.589605,88.336912,HOWRAH FIRE STATION
N,Y,STOP,,2947,22.587116,88.339428,GULMOHOR RAIL COLONY
N,Y,STOP,,2949,22.586255,88.343415,HOWRAH
N,Y,STOP,,2951,22.506821,88.255558,OLD  DAKGHAR (S.M.NAGAR)
N,Y,STOP,,2952,22.512823,88.268702,CHAKMIR
N,Y,STOP,,2954,22.514914,88.284857,MOLLAR GATE
N,Y,STOP,,2955,22.485519,88.366926,REGENT ESTATE / LAYALKA
N,Y,STOP,,2956,22.342588,88.456233,PHOOLTALA (BARUIPUR)
N,Y,STOP,,2957,22.336567,88.477173,RAMNAGAR SCHOOL (BARUIPUR)
N,Y,STOP,,2958,22.339994,88.518466,UTTARBHAG
N,Y,STOP,,2959,22.591442,88.359884,RABINDRA SARANI / NIMTALA STREET
N,Y,STOP,,2960,22.586393,88.358237,GANESH  TALKIES
N,Y,STOP,,2961,22.364989,88.429614,BARUIPUR RAIL STATION.
N,Y,STOP,,2962,22.598558,88.374504,FARIAPUKUR
N,Y,STOP,,2964,22.654875,88.325501,SAHEB BAGAN
N,Y,STOP,,2966,22.575206,88.378757,NARKELDANGA  PO
N,Y,STOP,,2967,22.575626,88.377278,NARKELDANGA  PS
N,Y,STOP,,2968,22.589719,88.419239,MAYUKH BHAVAN
N,Y,STOP,,2969,22.423013,88.394019,SHYAMKHOLA  MORE
N,Y,STOP,,2970,22.581612,88.332612,BANGABASI (HOWRAH)
N,Y,STOP,,2971,22.514378,88.392749,RAJDANGA
N,Y,STOP,,2972,22.510792,88.381875,HALTU  BAZAR
N,Y,STOP,,2973,22.510107,88.382922,HALTU  MORE
N,Y,STOP,,2974,22.532947,88.345988,NETAJI BHAWAN (JADU BABUR BAZAR)
N,Y,STOP,,2975,22.526605,88.346161,BHAWANIPUR THANA
N,Y,STOP,,2976,22.514917,88.345813,TOLLYGUNGE THANA
N,Y,STOP,,2977,22.480667,88.357606,NETAJI NAGAR COLLEGE MORE
N,Y,STOP,,2978,22.511341,88.345858, PSC OFFICE 
N,Y,STOP,,2979,22.522299,88.392982,NASKAR HAT
N,Y,STOP,,2980,22.574596,88.409179,PURBACHAL / TANK NO. 13
N,Y,STOP,,2981,22.549534,88.282612,METIABRUZ  PS
N,Y,STOP,,2982,22.503258,88.241748,USHA  FACTORY
N,Y,STOP,,2983,22.499376,88.231498,BATA MORE
N,Y,STOP,,2984,22.497056,88.225342,NUNGI MORE
N,Y,STOP,,2985,22.512871,88.211478,BATANAGAR BUS STAND
N,Y,STOP,,2986,22.488585,88.362385,BIJOYGARH  COLLEGE
N,Y,STOP,,2987,22.528924,88.386523,EASTERN PARK
N,Y,STOP,,2988,22.609668,88.447264,HATIARA  BUS STAND
N,Y,STOP,,2989,22.573583,88.372587,TAKI SCHOOL
N,Y,STOP,,2990,22.535205,88.254865,AKRA  FATAK BUS TERMINUS
N,Y,STOP,,2991,22.487409,88.277347,SHIBARAMPUR 
N,Y,STOP,,2992,22.590786,88.414404,SECH  BHAVAN
N,Y,STOP,,2993,22.686888,88.445148,NEW BARRACKPORE STATION
N,Y,STOP,,2994,22.694373,88.404799,GHOLA BAZAR
N,Y,STOP,,2995,22.696575,88.392805,HB TOWN  (SODEPUR)
N,Y,STOP,,2996,22.699193,88.385235,SODEPUR STATION
N,Y,STOP,,2997,22.511341,88.345858,MUDIALI (PSC OFFICE) 
N,Y,STOP,,2998,22.612546,88.379817,PAIKPARA BUS STAND
N,Y,STOP,,2999,22.598745,88.413963,KWALITY
N,Y,STOP,,3000,22.491486,88.27119,SARADA PARK
N,Y,STOP,,3001,22.498765,88.248323,BANERJEEHAT
N,Y,STOP,,3002,22.484736,88.295653,RAIDIGHI
N,Y,STOP,,3003,22.473671,88.173871,CHARIAL MORE
N,Y,STOP,,3004,22.487438,88.187485,BUDGE BUDGE
N,Y,STOP,,3005,22.488186,88.202318,SHYAMPUR (BUDGE BUDGE)
N,Y,STOP,,3006,22.685365,88.375627,TETULTALA ( AGARPARA)
N,Y,STOP,,3007,22.682613,88.384666,AGARPARA STATION
N,Y,STOP,,3008,22.602387,88.376974,CANEL WEST RD. BUS STAND
N,Y,STOP,,3009,22.715362,88.491805,JAMTALA KALIKAPUR
N,Y,STOP,,3010,22.714937,88.501283,KAZIPARA (BARASAT)
N,Y,STOP,,3011,22.711334,88.516684,BAMANGACHI
N,Y,STOP,,3012,22.712104,88.513827,JDS COLLEGE
N,Y,STOP,,3013,22.697535,88.639075,KARTIK PUR
N,Y,STOP,,3014,22.698827,88.623255,BALIA GATE
N,Y,STOP,,3030,22.621261,88.438589,LOKENATH TEMPLE (RAJARHAT  RD)
N,Y,STOP,,3031,22.634093,88.453684,BABLATALA  (RAJARHAT RD )
N,Y,STOP,,3032,22.636119,88.454421,217B BUS STAND
N,Y,STOP,,3033,22.640736,88.457417,LALKUTHI (RAJARHAT)
N,Y,STOP,,3034,22.645219,88.461287,NARAYANPUR  BATTALA
N,Y,STOP,,3035,22.697733,88.610158,BELIAGHATA  (TAKI RD.)
N,Y,STOP,,3036,22.702514,88.574908,GOLABARI (TAKI  RD.)
N,Y,STOP,,3037,22.583462,88.379641,MANIKTALA  MAIN RD. XING
N,Y,STOP,,3038,22.525084,88.330894,ALIPORE COURT
N,Y,STOP,,3039,22.526605,88.346161,BHAWANIPUR  THANA
N,Y,STOP,,3040,22.514917,88.345813,PSC OFFICE
N,Y,STOP,,3043,21.719441,88.246034,DWARIKNAGAR (NAMKHANA)
N,Y,STOP,,3044,21.582407,88.261666,FRAZERGANJ
N,Y,STOP,,3045,22.157659,88.439273,NIMPITH
N,Y,STOP,,3046,22.076277,87.887898,HANSCHARA
N,Y,STOP,,3047,22.042372,87.903053,HOSPITAL MORE (NANDIGRAM RD.)
N,Y,STOP,,3048,22.177604,88.422238,JAYNAGAR POST OFFICE
N,Y,STOP,,3049,22.487215,88.332175,MUCHI PARA(RAJA RAMMOHAN ROY RD)
N,Y,STOP,,3050,22.488368,88.321044,PANCHANAN TALA(RAJA RAMMOHAN ROY RD)
Y,Y,TERMINAL,,3051,21.881158,88.165102,LOT 8 POINT
N,Y,STOP,,3052,22.274233,88.272422,RAMRUMPUR (USTHI)
N,Y,STOP,stop_desc,3053,22.259747,88.273008,ADHARMANIK
Y,Y,TERMINAL,Kachubaria Ferry Ghat,3054,21.859083,88.143309,Kachubaria Ferry Ghat
Y,Y,TERMINAL,,3055,22.574666,88.345024,MILLENIUM PARK FERRY GHAT
Y,Y,TERMINAL,,3056,22.582166,88.34412,HOWRAH FERRY GHAT
Y,Y,TERMINAL,,3057,22.576186,88.345533,FAIRLIE PLACE FERRY GHAT
Y,Y,TERMINAL,,3058,22.630214,88.358607,BELUR MATH FERRY GHAT
Y,Y,TERMINAL,,3059,22.635194,88.362723,KUTHI GHAT (BARANAGAR)
Y,Y,TERMINAL,,3060,22.653631,88.356903,MA BHABOTARINI FERRY GHAT (DAKSHINESHWAR)
Y,Y,TERMINAL,,3061,22.572682,88.3439,SHIPPING CORPORATION FERRY GHAT
Y,Y,TERMINAL,,3062,22.666695,88.357791,ARIADAHA FERRY GHAT
Y,Y,TERMINAL,,3063,22.551597,88.286062,BICHALI FERRY GHAT(METIABRUZ)
